category,probe_path,subcategory,fixation_duration,label,n,correctAns_mean,correctAns_raw,discrim_resptime_mean,discrim_resptime_raw,discrim_resptime_std,image_onset_time_mean,image_onset_time_raw,image_onset_time_std,jitter1_mean,jitter1_raw,jitter2_mean,jitter2_raw,probeFrames_raw,response.corr_mean,response.corr_raw,response.corr_std,response.keys_raw,response.rt_mean,response.rt_raw,response.rt_std,response_window_raw,visibil_resptime_mean,visibil_resptime_raw,visibil_resptime_std,visible.corr_mean,visible.corr_raw,visible.corr_std,visible.keys_raw,visible.rt_mean,visible.rt_raw,visible.rt_std,order
Nonliving_Things,../experiment_stimuli/bw_bc_bl/Nonliving_Things/Furniture/Chest-of-drawers_10.jpg,Furniture,0,Chest-of-drawers,1.0,1.0,1,366.380981445,366.3809814453125,0.0,365.609405518,365.6094055175781,0.0,1.5,1.5,6.0,6.0,'6.0',1.0,1.0,0.0,'1',0.711766898632,0.7117668986320496,0.0,'nV_V',367.103424072,367.1034240722656,0.0,0.0,0.0,0.0,'2',0.661658644676,0.6616586446762085,0.0,50.0
Living_Things,../experiment_stimuli/bw_bc_bl/Living_Things/Animals/armadillo_3.jpg,Animals,0,armadillo,1.0,2.0,2,662.143981934,662.1439819335938,0.0,661.412475586,661.4124755859375,0.0,2.5,2.5,6.5,6.5,2,0.0,0.0,0.0,'1',1.79412865639,1.794128656387329,0.0,'nV_V',663.948730469,663.94873046875,0.0,1.0,1.0,0.0,'1',0.40109360218,0.40109360218048096,0.0,93.0
Nonliving_Things,../experiment_stimuli/bw_bc_bl/Nonliving_Things/Furniture/armchair_2.jpg,Furniture,0,armchair,1.0,2.0,2,527.721740723,527.7217407226562,0.0,526.950195312,526.9501953125,0.0,1.5,1.5,6.0,6.0,'6.0',1.0,1.0,0.0,'2',0.801968038082,0.8019680380821228,0.0,'V_nV',528.534362793,528.5343627929688,0.0,0.0,0.0,0.0,'3',0.390827596188,0.39082759618759155,0.0,73.0
Nonliving_Things,../experiment_stimuli/bw_bc_bl/Nonliving_Things/Tools/axe_8.jpg,Tools,0,axe,1.0,2.0,2,32.374874115,32.374874114990234,0.0,31.6333656311,31.633365631103516,0.0,2.5,2.5,6.0,6.0,'3.0',1.0,1.0,0.0,'2',1.19281566143,1.1928156614303589,0.0,'V_nV',33.5783309937,33.578330993652344,0.0,1.0,1.0,0.0,'1',0.801963686943,0.8019636869430542,0.0,3.0
Living_Things,../experiment_stimuli/bw_bc_bl/Living_Things/Birds/barn-owl_6.jpg,Birds,0,barn-owl,1.0,2.0,2,579.624572754,579.6245727539062,0.0,578.873046875,578.873046875,0.0,1.5,1.5,7.5,7.5,'3.0',1.0,1.0,0.0,'2',0.962318181992,0.9623181819915771,0.0,'nV_V',580.59753418,580.5975341796875,0.0,1.0,1.0,0.0,'1',0.611558914185,0.6115589141845703,0.0,81.0
Nonliving_Things,../experiment_stimuli/bw_bc_bl/Nonliving_Things/Furniture/bed_11.jpg,Furniture,0,bed,1.0,1.0,1,274.150482178,274.1504821777344,0.0,273.37890625,273.37890625,0.0,1.5,1.5,6.0,6.0,'6.0',1.0,1.0,0.0,'1',0.56155616045,0.5615561604499817,0.0,'nV_V',274.722686768,274.7226867675781,0.0,1.0,1.0,0.0,'1',0.290854215622,0.29085421562194824,0.0,36.0
Nonliving_Things,../experiment_stimuli/bw_bc_bl/Nonliving_Things/Furniture/bedside-table_16.jpg,Furniture,0,bedside-table,1.0,1.0,1,154.199707031,154.19970703125,0.0,153.458190918,153.45819091796875,0.0,2.0,2.0,6.0,6.0,'3.0',1.0,1.0,0.0,'1',0.862097561359,0.8620975613594055,0.0,'nV_V',155.072433472,155.0724334716797,0.0,0.0,0.0,0.0,'2',1.58366751671,1.583667516708374,0.0,20.0
Nonliving_Things,../experiment_stimuli/bw_bc_bl/Nonliving_Things/Vehicles/boat_4.jpg,Vehicles,0,boat,1.0,1.0,1,47.2772712708,47.27727127075195,0.0,46.505695343,46.50569534301758,0.0,2.5,2.5,6.0,6.0,'6.0',1.0,1.0,0.0,'1',0.912225723267,0.9122257232666016,0.0,'nV_V',48.2001495361,48.20014953613281,0.0,0.0,0.0,0.0,'3',0.461223006248,0.4612230062484741,0.0,5.0
Nonliving_Things,../experiment_stimuli/bw_bc_bl/Nonliving_Things/Furniture/bookcase_24.jpg,Furniture,0,bookcase,1.0,2.0,2,304.867279053,304.8672790527344,0.0,304.095672607,304.0956726074219,0.0,1.5,1.5,7.5,7.5,'6.0',1.0,1.0,0.0,'2',0.862096965313,0.8620969653129578,0.0,'V_nV',305.739990234,305.739990234375,0.0,0.0,0.0,0.0,'2',0.651638805866,0.6516388058662415,0.0,41.0
Nonliving_Things,../experiment_stimuli/bw_bc_bl/Nonliving_Things/Vehicles/bus_2.jpg,Vehicles,0,bus,1.0,2.0,2,473.173156738,473.17315673828125,0.0,472.421630859,472.421630859375,0.0,1.5,1.5,6.0,6.0,'4.0',1.0,1.0,0.0,'2',0.751694738865,0.7516947388648987,0.0,'V_nV',473.945526123,473.9455261230469,0.0,0.0,0.0,0.0,'3',0.391071349382,0.3910713493824005,0.0,65.0
Living_Things,../experiment_stimuli/bw_bc_bl/Living_Things/Insects/butterfly_5.jpg,Insects,0,butterfly,1.0,1.0,1,118.993179321,118.99317932128906,0.0,118.241630554,118.24163055419922,0.0,2.0,2.0,7.5,7.5,'4.0',1.0,1.0,0.0,'1',1.02244782448,1.0224478244781494,0.0,'V_nV',120.026245117,120.0262451171875,0.0,0.0,0.0,0.0,'3',0.371025472879,0.3710254728794098,0.0,15.0
Nonliving_Things,../experiment_stimuli/bw_bc_bl/Nonliving_Things/Vehicles/car_22.jpg,Vehicles,0,car,1.0,1.0,1,593.224182129,593.2241821289062,0.0,592.462585449,592.4625854492188,0.0,2.5,2.5,7.5,7.5,'5.0',1.0,1.0,0.0,'1',0.751874864101,0.7518748641014099,0.0,'nV_V',593.986694336,593.9866943359375,0.0,0.0,0.0,0.0,'3',0.391070693731,0.391070693731308,0.0,83.0
Nonliving_Things,../experiment_stimuli/bw_bc_bl/Nonliving_Things/Buildings/castle_19.jpg,Buildings,0,castle,1.0,1.0,1,39.3400230408,39.340023040771484,0.0,38.5884895325,38.5884895324707,0.0,1.5,1.5,6.5,6.5,'4.0',1.0,1.0,0.0,'1',2.35534620285,2.355346202850342,0.0,'nV_V',41.7060012817,41.70600128173828,0.0,1.0,1.0,0.0,'1',0.591607749462,0.5916077494621277,0.0,4.0
Living_Things,../experiment_stimuli/bw_bc_bl/Living_Things/Animals/cat_12.jpg,Animals,0,cat,1.0,2.0,2,633.591918945,633.5919189453125,0.0,632.870422363,632.8704223632812,0.0,1.5,1.5,6.5,6.5,1,1.0,1.0,0.0,'2',2.6259355545,2.6259355545043945,0.0,'nV_V',636.22845459,636.2284545898438,0.0,0.0,0.0,0.0,'2',0.240762069821,0.24076206982135773,0.0,89.0
Nonliving_Things,../experiment_stimuli/bw_bc_bl/Nonliving_Things/Buildings/cathedral_15.jpg,Buildings,0,cathedral,1.0,1.0,1,106.175300598,106.17530059814453,0.0,105.433792114,105.43379211425781,0.0,2.0,2.0,7.0,7.0,'3.0',1.0,1.0,0.0,'1',0.731816887856,0.7318168878555298,0.0,'nV_V',106.917747498,106.9177474975586,0.0,1.0,1.0,0.0,'1',0.52136027813,0.5213602781295776,0.0,13.0
Nonliving_Things,../experiment_stimuli/bw_bc_bl/Nonliving_Things/Furniture/chair_24.jpg,Furniture,0,chair,1.0,2.0,2,331.936126709,331.9361267089844,0.0,331.194610596,331.1946105957031,0.0,2.0,2.0,6.5,6.5,'3.0',1.0,1.0,0.0,'2',1.68389081955,1.6838908195495605,0.0,'V_nV',333.630645752,333.6306457519531,0.0,1.0,1.0,0.0,'1',0.801962852478,0.8019628524780273,0.0,45.0
Living_Things,../experiment_stimuli/bw_bc_bl/Living_Things/Animals/cheetah_10.jpg,Animals,0,cheetah,1.0,2.0,2,392.938751221,392.9387512207031,0.0,392.177215576,392.1772155761719,0.0,2.0,2.0,6.5,6.5,'5.0',1.0,1.0,0.0,'2',0.791943669319,0.7919436693191528,0.0,'nV_V',393.74130249,393.7413024902344,0.0,1.0,1.0,0.0,'1',0.491286963224,0.491286963224411,0.0,54.0
Nonliving_Things,../experiment_stimuli/bw_bc_bl/Nonliving_Things/Buildings/church_6.jpg,Buildings,0,church,1.0,2.0,2,285.976196289,285.9761962890625,0.0,285.204620361,285.2046203613281,0.0,3.0,3.0,6.5,6.5,'6.0',1.0,1.0,0.0,'2',0.771908223629,0.7719082236289978,0.0,'V_nV',286.758728027,286.75872802734375,0.0,0.0,0.0,0.0,'3',0.441179811954,0.4411798119544983,0.0,38.0
Nonliving_Things,../experiment_stimuli/bw_bc_bl/Nonliving_Things/Kitchen_Uten/coking-pot_1.jpg,Kitchen_Uten,0,coking-pot,1.0,2.0,2,325.081207275,325.0812072753906,0.0,324.329711914,324.3297119140625,0.0,2.5,2.5,6.0,6.0,'4.0',1.0,1.0,0.0,'2',1.60370707512,1.6037070751190186,0.0,'V_nV',326.695556641,326.695556640625,0.0,0.0,0.0,0.0,'2',0.290864259005,0.2908642590045929,0.0,44.0
Nonliving_Things,../experiment_stimuli/bw_bc_bl/Nonliving_Things/Furniture/couch_12.jpg,Furniture,0,couch,1.0,2.0,2,112.408851624,112.40885162353516,0.0,111.64730072,111.64730072021484,0.0,2.5,2.5,6.0,6.0,'5.0',1.0,1.0,0.0,'2',1.00240254402,1.0024025440216064,0.0,'V_nV',113.421890259,113.42189025878906,0.0,0.0,0.0,0.0,'2',0.611566126347,0.6115661263465881,0.0,14.0
Living_Things,../experiment_stimuli/bw_bc_bl/Living_Things/Animals/cow_15.jpg,Animals,0,cow,1.0,1.0,1,4.98534345627,4.9853434562683105,0.0,4.213783741,4.2137837409973145,0.0,2.0,2.0,6.5,6.5,'5.0',1.0,1.0,0.0,'1',4.44991111755,4.449911117553711,0.0,'V_nV',9.45631122589,9.456311225891113,0.0,1.0,1.0,0.0,'1',3.50784730911,3.507847309112549,0.0,0.0
Living_Things,../experiment_stimuli/bw_bc_bl/Living_Things/Marine_creatures/crab_16.jpg,Marine_creatures,0,crab,1.0,1.0,1,358.213256836,358.2132568359375,0.0,357.471710205,357.4717102050781,0.0,2.0,2.0,6.0,6.0,'3.0',0.0,0.0,0.0,'2',2.90654587746,2.906545877456665,0.0,'V_nV',361.130432129,361.13043212890625,0.0,1.0,1.0,0.0,'1',0.270805954933,0.2708059549331665,0.0,49.0
Nonliving_Things,../experiment_stimuli/bw_bc_bl/Nonliving_Things/Kitchen_Uten/cup_16.jpg,Kitchen_Uten,0,cup,1.0,2.0,2,458.551391602,458.5513916015625,0.0,457.799865723,457.79986572265625,0.0,1.5,1.5,6.0,6.0,'4.0',1.0,1.0,0.0,'2',1.49331128597,1.4933112859725952,0.0,'V_nV',460.055328369,460.0553283691406,0.0,0.0,0.0,0.0,'2',0.801977217197,0.8019772171974182,0.0,63.0
Living_Things,../experiment_stimuli/bw_bc_bl/Living_Things/Marine_creatures/dolphin_26.jpg,Marine_creatures,0,dolphin,1.0,2.0,2,559.059875488,559.0598754882812,0.0,558.288330078,558.288330078125,0.0,1.5,1.5,6.0,6.0,'6.0',1.0,1.0,0.0,'2',1.65366768837,1.653667688369751,0.0,'nV_V',560.724182129,560.7241821289062,0.0,0.0,0.0,0.0,'2',0.451206743717,0.4512067437171936,0.0,78.0
Living_Things,../experiment_stimuli/bw_bc_bl/Living_Things/Insects/dragonfly_26.jpg,Insects,0,dragonfly,1.0,2.0,2,479.266418457,479.26641845703125,0.0,478.545288086,478.5452880859375,0.0,1.5,1.5,7.5,7.5,'1.0',1.0,1.0,0.0,'2',2.21488928795,2.2148892879486084,0.0,'nV_V',481.491943359,481.491943359375,0.0,1.0,1.0,0.0,'1',0.661659121513,0.6616591215133667,0.0,66.0
Nonliving_Things,../experiment_stimuli/bw_bc_bl/Nonliving_Things/Musical_Inst/drum_20.jpg,Musical_Inst,0,drum,1.0,1.0,1,648.293884277,648.2938842773438,0.0,647.542358398,647.5423583984375,0.0,1.5,1.5,7.0,7.0,4,1.0,1.0,0.0,'1',1.22289788723,1.2228978872299194,0.0,'nV_V',649.527404785,649.5274047851562,0.0,1.0,1.0,0.0,'1',0.661660373211,0.661660373210907,0.0,91.0
Living_Things,../experiment_stimuli/bw_bc_bl/Living_Things/Birds/duck_19.jpg,Birds,0,duck,1.0,2.0,2,184.054611206,184.0546112060547,0.0,183.303085327,183.30308532714844,0.0,2.5,2.5,6.5,6.5,'4.0',0.0,0.0,0.0,'1',1.27300751209,1.2730075120925903,0.0,'nV_V',185.338256836,185.3382568359375,0.0,1.0,1.0,0.0,'1',0.862093269825,0.8620932698249817,0.0,24.0
Living_Things,../experiment_stimuli/bw_bc_bl/Living_Things/Animals/elephant_15.jpg,Animals,0,elephant,1.0,1.0,1,436.323059082,436.32305908203125,0.0,435.511383057,435.5113830566406,0.0,2.0,2.0,7.5,7.5,'10.0',1.0,1.0,0.0,'1',1.64379501343,1.6437950134277344,0.0,'V_nV',437.977478027,437.97747802734375,0.0,0.0,0.0,0.0,'3',0.611545026302,0.6115450263023376,0.0,60.0
Nonliving_Things,../experiment_stimuli/bw_bc_bl/Nonliving_Things/Buildings/factory_0.jpg,Buildings,0,factory,1.0,2.0,2,298.753967285,298.75396728515625,0.0,298.002593994,298.0025939941406,0.0,1.5,1.5,8.0,8.0,'4.0',1.0,1.0,0.0,'2',0.681704938412,0.6817049384117126,0.0,'V_nV',299.44631958,299.4463195800781,0.0,1.0,1.0,0.0,'1',0.441180378199,0.44118037819862366,0.0,40.0
Nonliving_Things,../experiment_stimuli/bw_bc_bl/Nonliving_Things/Furniture/filling-cabinet_17.jpg,Furniture,0,filling-cabinet,1.0,2.0,2,553.157043457,553.1570434570312,0.0,552.355407715,552.3554077148438,0.0,2.0,2.0,6.5,6.5,'9.0',1.0,1.0,0.0,'2',0.641604721546,0.6416047215461731,0.0,'V_nV',553.809326172,553.809326171875,0.0,0.0,0.0,0.0,'3',0.270811229944,0.2708112299442291,0.0,77.0
Nonliving_Things,../experiment_stimuli/bw_bc_bl/Nonliving_Things/Kitchen_Uten/fondue_0.jpg,Kitchen_Uten,0,fondue,1.0,2.0,2,612.165344238,612.1653442382812,0.0,611.433837891,611.433837890625,0.0,3.0,3.0,6.0,6.0,'2.0',1.0,1.0,0.0,'2',0.761886119843,0.7618861198425293,0.0,'V_nV',612.937866211,612.9378662109375,0.0,0.0,0.0,0.0,'3',1.91439664364,1.9143966436386108,0.0,86.0
Nonliving_Things,../experiment_stimuli/bw_bc_bl/Nonliving_Things/Kitchen_Uten/frying-pan_20.jpg,Kitchen_Uten,0,frying-pan,1.0,1.0,1,450.984924316,450.98492431640625,0.0,450.213348389,450.2133483886719,0.0,2.0,2.0,7.5,7.5,'6.0',1.0,1.0,0.0,'1',1.75403630733,1.7540363073349,0.0,'nV_V',452.749603271,452.7496032714844,0.0,0.0,0.0,0.0,'3',0.842053294182,0.8420532941818237,0.0,62.0
Living_Things,../experiment_stimuli/bw_bc_bl/Living_Things/Animals/giraffe_16.jpg,Animals,0,giraffe,1.0,1.0,1,71.7604904175,71.76049041748047,0.0,70.9989471436,70.99894714355469,0.0,1.5,1.5,6.5,6.5,'5.0',1.0,1.0,0.0,'1',0.852083742619,0.8520837426185608,0.0,'V_nV',72.6232223511,72.62322235107422,0.0,0.0,0.0,0.0,'2',0.461223959923,0.4612239599227905,0.0,8.0
Living_Things,../experiment_stimuli/bw_bc_bl/Living_Things/Birds/goldfinch_22.jpg,Birds,0,goldfinch,1.0,1.0,1,131.570510864,131.5705108642578,0.0,130.8490448,130.8490447998047,0.0,2.0,2.0,6.5,6.5,'1.0',0.0,0.0,0.0,'2',1.69390499592,1.693904995918274,0.0,'V_nV',133.275054932,133.27505493164062,0.0,1.0,1.0,0.0,'1',0.290847957134,0.2908479571342468,0.0,17.0
Living_Things,../experiment_stimuli/bw_bc_bl/Living_Things/Birds/goose_14.jpg,Birds,0,goose,1.0,1.0,1,372.734802246,372.73480224609375,0.0,371.973266602,371.9732666015625,0.0,1.5,1.5,6.0,6.0,'5.0',1.0,1.0,0.0,'1',0.952330112457,0.9523301124572754,0.0,'V_nV',373.697784424,373.6977844238281,0.0,0.0,0.0,0.0,'3',0.531381428242,0.5313814282417297,0.0,51.0
Nonliving_Things,../experiment_stimuli/bw_bc_bl/Nonliving_Things/Buildings/granary_25.jpg,Buildings,0,granary,1.0,1.0,1,513.801513672,513.801513671875,0.0,513.029968262,513.0299682617188,0.0,3.0,3.0,6.0,6.0,'6.0',1.0,1.0,0.0,'1',1.42332065105,1.4233206510543823,0.0,'nV_V',515.235473633,515.2354736328125,0.0,0.0,0.0,0.0,'3',0.661662995815,0.6616629958152771,0.0,71.0
Nonliving_Things,../experiment_stimuli/bw_bc_bl/Nonliving_Things/Musical_Inst/guitar_11.jpg,Musical_Inst,0,guitar,1.0,1.0,1,627.568847656,627.56884765625,0.0,626.827331543,626.8273315429688,0.0,2.5,2.5,6.0,6.0,3,1.0,1.0,0.0,'1',0.791941285133,0.7919412851333618,0.0,'nV_V',628.371398926,628.3713989257812,0.0,0.0,0.0,0.0,'3',0.290852218866,0.29085221886634827,0.0,88.0
Nonliving_Things,../experiment_stimuli/bw_bc_bl/Nonliving_Things/Tools/hammer_11.jpg,Tools,0,hammer,1.0,1.0,1,507.297363281,507.29736328125,0.0,506.555847168,506.55584716796875,0.0,2.0,2.0,6.0,6.0,'3.0',1.0,1.0,0.0,'1',0.992376923561,0.9923769235610962,0.0,'nV_V',508.300354004,508.30035400390625,0.0,1.0,1.0,0.0,'1',0.521354615688,0.521354615688324,0.0,70.0
Living_Things,../experiment_stimuli/bw_bc_bl/Living_Things/Birds/hen_25.jpg,Birds,0,hen,1.0,2.0,2,386.314331055,386.3143310546875,0.0,385.562805176,385.56280517578125,0.0,2.0,2.0,7.0,7.0,'4.0',1.0,1.0,0.0,'2',1.13268911839,1.132689118385315,0.0,'nV_V',387.457672119,387.4576721191406,0.0,1.0,1.0,0.0,'1',0.511331796646,0.5113317966461182,0.0,53.0
Living_Things,../experiment_stimuli/bw_bc_bl/Living_Things/Animals/hippopotamus_19.jpg,Animals,0,hippopotamus,1.0,2.0,2,655.158813477,655.1588134765625,0.0,654.397216797,654.397216796875,0.0,2.0,2.0,6.0,6.0,5,1.0,1.0,0.0,'2',1.52354800701,1.5235480070114136,0.0,'nV_V',656.70300293,656.7030029296875,0.0,0.0,0.0,0.0,'3',0.501310110092,0.5013101100921631,0.0,92.0
Living_Things,../experiment_stimuli/bw_bc_bl/Living_Things/Animals/horse_25.jpg,Animals,0,horse,1.0,2.0,2,92.4053726196,92.4053726196289,0.0,91.6638565063,91.66385650634766,0.0,2.0,2.0,6.0,6.0,'3.0',0.0,0.0,0.0,'1',1.13268530369,1.1326853036880493,0.0,'nV_V',93.5486907959,93.54869079589844,0.0,1.0,1.0,0.0,'1',0.521351993084,0.5213519930839539,0.0,11.0
Nonliving_Things,../experiment_stimuli/bw_bc_bl/Nonliving_Things/Buildings/house_23.jpg,Buildings,0,house,1.0,2.0,2,675.933959961,675.9339599609375,0.0,675.212524414,675.2125244140625,0.0,2.5,2.5,7.5,7.5,1,0.0,0.0,0.0,'1',2.9165661335,2.9165661334991455,0.0,'V_nV',678.86114502,678.8611450195312,0.0,1.0,1.0,0.0,'1',0.330940455198,0.33094045519828796,0.0,95.0
Living_Things,../experiment_stimuli/bw_bc_bl/Living_Things/Birds/hummingbird_15.jpg,Birds,0,hummingbird,1.0,1.0,1,17.9435043335,17.943504333496094,0.0,17.1719322205,17.171932220458984,0.0,2.5,2.5,7.0,7.0,'6.0',1.0,1.0,0.0,'1',1.15273797512,1.1527379751205444,0.0,'V_nV',19.1069011688,19.106901168823242,0.0,0.0,0.0,0.0,'2',0.942361533642,0.9423615336418152,0.0,1.0
Living_Things,../experiment_stimuli/bw_bc_bl/Living_Things/Marine_creatures/killer-whale_8.jpg,Marine_creatures,0,killer-whale,1.0,2.0,2,566.145263672,566.145263671875,0.0,565.383728027,565.3837280273438,0.0,3.0,3.0,6.0,6.0,'5.0',1.0,1.0,0.0,'2',0.872117340565,0.8721173405647278,0.0,'nV_V',567.028015137,567.0280151367188,0.0,0.0,0.0,0.0,'3',0.541406273842,0.5414062738418579,0.0,79.0
Living_Things,../experiment_stimuli/bw_bc_bl/Living_Things/Birds/kiwi_19.jpg,Birds,0,kiwi,1.0,2.0,2,217.908203125,217.908203125,0.0,217.146652222,217.1466522216797,0.0,2.0,2.0,6.5,6.5,'5.0',1.0,1.0,0.0,'2',2.96667218208,2.96667218208313,0.0,'nV_V',220.885513306,220.88551330566406,0.0,0.0,0.0,0.0,'3',1.24292802811,1.2429280281066895,0.0,29.0
Living_Things,../experiment_stimuli/bw_bc_bl/Living_Things/Insects/ladybird_26.jpg,Insects,0,ladybird,1.0,1.0,1,248.224121094,248.22412109375,0.0,247.472610474,247.4726104736328,0.0,1.5,1.5,6.0,6.0,'4.0',1.0,1.0,0.0,'1',0.541410326958,0.5414103269577026,0.0,'V_nV',248.776168823,248.7761688232422,0.0,1.0,1.0,0.0,'1',0.270804464817,0.2708044648170471,0.0,32.0
Nonliving_Things,../experiment_stimuli/bw_bc_bl/Nonliving_Things/Furniture/lamp_2.jpg,Furniture,0,lamp,1.0,1.0,1,25.0188922882,25.018892288208008,0.0,24.2573280334,24.257328033447266,0.0,1.5,1.5,6.0,6.0,'5.0',1.0,1.0,0.0,'1',0.83202713728,0.8320271372795105,0.0,'nV_V',25.8615398407,25.861539840698242,0.0,0.0,0.0,0.0,'3',1.56362473965,1.5636247396469116,0.0,2.0
Nonliving_Things,../experiment_stimuli/bw_bc_bl/Nonliving_Things/Furniture/lectern_0.jpg,Furniture,0,lectern,1.0,1.0,1,84.538269043,84.53826904296875,0.0,83.7767105103,83.7767105102539,0.0,2.0,2.0,7.0,7.0,'5.0',1.0,1.0,0.0,'1',1.18279910088,1.1827991008758545,0.0,'nV_V',85.7317123413,85.7317123413086,0.0,0.0,0.0,0.0,'3',1.72398424149,1.7239842414855957,0.0,10.0
Living_Things,../experiment_stimuli/bw_bc_bl/Living_Things/Animals/lioness_5.jpg,Animals,0,lioness,1.0,1.0,1,520.846801758,520.8468017578125,0.0,520.105285645,520.1052856445312,0.0,1.5,1.5,7.0,7.0,'3.0',0.0,0.0,0.0,'2',1.45338058472,1.4533805847167969,0.0,'V_nV',522.310852051,522.3108520507812,0.0,1.0,1.0,0.0,'1',0.431152284145,0.4311522841453552,0.0,72.0
Living_Things,../experiment_stimuli/bw_bc_bl/Living_Things/Marine_creatures/lobster_8.jpg,Marine_creatures,0,lobster,1.0,2.0,2,311.36138916,311.36138916015625,0.0,310.599822998,310.5998229980469,0.0,1.5,1.5,7.0,7.0,'5.0',1.0,1.0,0.0,'2',1.38323497772,1.383234977722168,0.0,'nV_V',312.755249023,312.7552490234375,0.0,1.0,1.0,0.0,'1',1.38323044777,1.383230447769165,0.0,42.0
Living_Things,../experiment_stimuli/bw_bc_bl/Living_Things/Animals/lynx_7.jpg,Animals,0,lynx,1.0,1.0,1,487.093414307,487.0934143066406,0.0,486.361938477,486.3619384765625,0.0,1.5,1.5,7.5,7.5,'2.0',0.0,0.0,0.0,'2',0.852074801922,0.8520748019218445,0.0,'V_nV',487.95614624,487.9561462402344,0.0,1.0,1.0,0.0,'1',0.471251696348,0.4712516963481903,0.0,67.0
Living_Things,../experiment_stimuli/bw_bc_bl/Living_Things/Birds/magpie_15.jpg,Birds,0,magpie,1.0,1.0,1,379.178833008,379.1788330078125,0.0,378.437316895,378.43731689453125,0.0,1.5,1.5,6.0,6.0,'3.0',0.0,0.0,0.0,'2',1.69391202927,1.6939120292663574,0.0,'V_nV',380.883361816,380.88336181640625,0.0,1.0,1.0,0.0,'1',0.47125017643,0.47125017642974854,0.0,52.0
Living_Things,../experiment_stimuli/bw_bc_bl/Living_Things/Marine_creatures/manatee_5.jpg,Marine_creatures,0,manatee,1.0,1.0,1,351.388397217,351.3883972167969,0.0,350.626861572,350.6268615722656,0.0,2.0,2.0,6.5,6.5,'5.0',1.0,1.0,0.0,'1',1.15273177624,1.1527317762374878,0.0,'V_nV',352.551757812,352.5517578125,0.0,0.0,0.0,0.0,'3',0.71176815033,0.7117681503295898,0.0,48.0
Nonliving_Things,../experiment_stimuli/bw_bc_bl/Nonliving_Things/Buildings/mill_12.jpg,Buildings,0,mill,1.0,1.0,1,641.398864746,641.3988647460938,0.0,640.677429199,640.6774291992188,0.0,2.5,2.5,6.0,6.0,1,0.0,0.0,0.0,'2',1.4834471941,1.4834471940994263,0.0,'nV_V',642.893005371,642.8930053710938,0.0,1.0,1.0,0.0,'1',0.441176831722,0.4411768317222595,0.0,90.0
Nonliving_Things,../experiment_stimuli/bw_bc_bl/Nonliving_Things/Vehicles/motorbike_15.jpg,Vehicles,0,motorbike,1.0,2.0,2,197.814529419,197.8145294189453,0.0,197.053405762,197.05340576171875,0.0,1.5,1.5,7.5,7.5,'5.0',1.0,1.0,0.0,'2',0.751857101917,0.7518571019172668,0.0,'V_nV',198.577011108,198.57701110839844,0.0,0.0,0.0,0.0,'3',0.270797401667,0.27079740166664124,0.0,26.0
Living_Things,../experiment_stimuli/bw_bc_bl/Living_Things/Marine_creatures/narwhal_17.jpg,Marine_creatures,0,narwhal,1.0,1.0,1,170.665512085,170.66551208496094,0.0,169.913970947,169.91397094726562,0.0,1.5,1.5,6.5,6.5,'4.0',1.0,1.0,0.0,'1',0.932272195816,0.93227219581604,0.0,'V_nV',171.608428955,171.60842895507812,0.0,0.0,0.0,0.0,'2',0.531380712986,0.5313807129859924,0.0,22.0
Living_Things,../experiment_stimuli/bw_bc_bl/Living_Things/Birds/ostrich_25.jpg,Birds,0,ostrich,1.0,2.0,2,500.733093262,500.73309326171875,0.0,499.981567383,499.9815673828125,0.0,3.0,3.0,6.0,6.0,'4.0',1.0,1.0,0.0,'2',0.852078914642,0.852078914642334,0.0,'nV_V',501.595794678,501.5957946777344,0.0,0.0,0.0,0.0,'2',0.751859903336,0.7518599033355713,0.0,69.0
Living_Things,../experiment_stimuli/bw_bc_bl/Living_Things/Birds/owl_5.jpg,Birds,0,owl,1.0,1.0,1,227.078140259,227.07814025878906,0.0,226.336639404,226.33663940429688,0.0,1.5,1.5,7.5,7.5,'3.0',0.0,0.0,0.0,'2',6.15360498428,6.153604984283447,0.0,'V_nV',233.242416382,233.24241638183594,0.0,0.0,0.0,0.0,'2',1.9342751503,1.9342751502990723,0.0,30.0
Nonliving_Things,../experiment_stimuli/bw_bc_bl/Nonliving_Things/Buildings/palace_3.jpg,Buildings,0,palace,1.0,1.0,1,599.327453613,599.3274536132812,0.0,598.5859375,598.5859375,0.0,1.5,1.5,6.0,6.0,'3.0',1.0,1.0,0.0,'1',1.08259224892,1.082592248916626,0.0,'nV_V',600.420654297,600.420654296875,0.0,1.0,1.0,0.0,'1',0.822005033493,0.822005033493042,0.0,84.0
Living_Things,../experiment_stimuli/bw_bc_bl/Living_Things/Birds/partridge_24.jpg,Birds,0,partridge,1.0,1.0,1,210.963119507,210.96311950683594,0.0,210.221588135,210.22158813476562,0.0,1.5,1.5,6.0,6.0,'3.0',0.0,0.0,0.0,'2',1.4133040905,1.413304090499878,0.0,'V_nV',212.387084961,212.3870849609375,0.0,1.0,1.0,0.0,'1',0.551419377327,0.5514193773269653,0.0,28.0
Living_Things,../experiment_stimuli/bw_bc_bl/Living_Things/Birds/pelican_3.jpg,Birds,0,pelican,1.0,2.0,2,65.1461105347,65.14611053466797,0.0,64.3645095825,64.36450958251953,0.0,2.0,2.0,6.0,6.0,'7.0',1.0,1.0,0.0,'2',0.862097799778,0.8620977997779846,0.0,'nV_V',66.0190200806,66.0190200805664,0.0,0.0,0.0,0.0,'3',0.771748125553,0.7717481255531311,0.0,7.0
Living_Things,../experiment_stimuli/bw_bc_bl/Living_Things/Birds/penguin_19.jpg,Birds,0,penguin,1.0,1.0,1,572.509155273,572.5091552734375,0.0,571.777648926,571.7776489257812,0.0,2.5,2.5,6.0,6.0,'2.0',0.0,0.0,0.0,'2',1.52372407913,1.52372407913208,0.0,'V_nV',574.043518066,574.0435180664062,0.0,1.0,1.0,0.0,'1',0.621573984623,0.6215739846229553,0.0,80.0
Nonliving_Things,../experiment_stimuli/bw_bc_bl/Nonliving_Things/Musical_Inst/piano__20.jpg,Musical_Inst,0,piano,1.0,2.0,2,203.787506104,203.78750610351562,0.0,203.056015015,203.05601501464844,0.0,1.5,1.5,6.0,6.0,'2.0',1.0,1.0,0.0,'2',1.4333370924,1.4333370923995972,0.0,'V_nV',205.231506348,205.23150634765625,0.0,1.0,1.0,0.0,'1',0.78193372488,0.7819337248802185,0.0,27.0
Living_Things,../experiment_stimuli/bw_bc_bl/Living_Things/Birds/pigeon_25.jpg,Birds,0,pigeon,1.0,1.0,1,267.726531982,267.7265319824219,0.0,266.944946289,266.9449462890625,0.0,3.5,3.5,6.5,6.5,'7.0',1.0,1.0,0.0,'1',0.932247579098,0.9322475790977478,0.0,'V_nV',268.669403076,268.6694030761719,0.0,0.0,0.0,0.0,'2',0.501312077045,0.5013120770454407,0.0,35.0
Nonliving_Things,../experiment_stimuli/bw_bc_bl/Nonliving_Things/Vehicles/plane_4.jpg,Vehicles,0,plane,1.0,2.0,2,177.08946228,177.08946228027344,0.0,176.347961426,176.34796142578125,0.0,2.0,2.0,6.0,6.0,'3.0',1.0,1.0,0.0,'2',1.28301358223,1.2830135822296143,0.0,'V_nV',178.383132935,178.3831329345703,0.0,1.0,1.0,0.0,'1',0.711777687073,0.7117776870727539,0.0,23.0
Living_Things,../experiment_stimuli/bw_bc_bl/Living_Things/Marine_creatures/pomfret_24.jpg,Marine_creatures,0,pomfret,1.0,1.0,1,399.232421875,399.232421875,0.0,398.440795898,398.4407958984375,0.0,3.0,3.0,6.0,6.0,'8.0',1.0,1.0,0.0,'1',0.731813192368,0.7318131923675537,0.0,'V_nV',399.974853516,399.974853515625,0.0,1.0,1.0,0.0,'1',0.300877332687,0.30087733268737793,0.0,55.0
Nonliving_Things,../experiment_stimuli/bw_bc_bl/Nonliving_Things/Kitchen_Uten/pot_8.jpg,Kitchen_Uten,0,pot,1.0,2.0,2,125.336990356,125.33699035644531,0.0,124.60546875,124.60546875,0.0,2.0,2.0,6.5,6.5,'2.0',1.0,1.0,0.0,'2',1.01242315769,1.0124231576919556,0.0,'V_nV',126.360031128,126.36003112792969,0.0,0.0,0.0,0.0,'2',0.280836254358,0.2808362543582916,0.0,16.0
Living_Things,../experiment_stimuli/bw_bc_bl/Living_Things/Birds/raven_7.jpg,Birds,0,raven,1.0,2.0,2,254.036758423,254.03675842285156,0.0,253.255157471,253.25515747070312,0.0,2.0,2.0,6.0,6.0,'7.0',1.0,1.0,0.0,'2',0.771899938583,0.771899938583374,0.0,'nV_V',254.81930542,254.81930541992188,0.0,1.0,1.0,0.0,'1',0.411123692989,0.41112369298934937,0.0,33.0
Living_Things,../experiment_stimuli/bw_bc_bl/Living_Things/Animals/rhino_10.jpg,Animals,0,rhino,1.0,1.0,1,138.525634766,138.525634765625,0.0,137.774108887,137.77410888671875,0.0,1.5,1.5,7.5,7.5,'4.0',1.0,1.0,0.0,'1',2.94662880898,2.9466288089752197,0.0,'V_nV',141.482910156,141.48291015625,0.0,1.0,1.0,0.0,'1',1.02243995667,1.022439956665039,0.0,18.0
Nonliving_Things,../experiment_stimuli/bw_bc_bl/Nonliving_Things/Furniture/rocking-chair_14.jpg,Furniture,0,rocking-chair,1.0,2.0,2,586.168823242,586.1688232421875,0.0,585.417297363,585.4172973632812,0.0,2.0,2.0,6.0,6.0,'4.0',1.0,1.0,0.0,'2',1.08257853985,1.0825785398483276,0.0,'V_nV',587.262023926,587.2620239257812,0.0,1.0,1.0,0.0,'1',0.992375433445,0.9923754334449768,0.0,82.0
Living_Things,../experiment_stimuli/bw_bc_bl/Living_Things/Birds/rooster_8.jpg,Birds,0,rooster,1.0,2.0,2,428.776641846,428.7766418457031,0.0,427.995056152,427.99505615234375,0.0,1.5,1.5,7.0,7.0,'7.0',1.0,1.0,0.0,'2',1.87429916859,1.874299168586731,0.0,'nV_V',430.661590576,430.6615905761719,0.0,1.0,1.0,0.0,'1',0.641611218452,0.6416112184524536,0.0,59.0
Nonliving_Things,../experiment_stimuli/bw_bc_bl/Nonliving_Things/Kitchen_Uten/saucepan_26.jpg,Kitchen_Uten,0,saucepan,1.0,2.0,2,606.212463379,606.2124633789062,0.0,605.450866699,605.4508666992188,0.0,1.5,1.5,6.0,6.0,'5.0',1.0,1.0,0.0,'2',0.671529948711,0.6715299487113953,0.0,'V_nV',606.894592285,606.8945922851562,0.0,0.0,0.0,0.0,'3',0.330946296453,0.33094629645347595,0.0,85.0
Nonliving_Things,../experiment_stimuli/bw_bc_bl/Nonliving_Things/Musical_Inst/saxophone_12.jpg,Musical_Inst,0,saxophone,1.0,1.0,1,99.0498123169,99.04981231689453,0.0,98.2782363892,98.27823638916016,0.0,2.0,2.0,8.0,8.0,'6.0',1.0,1.0,0.0,'1',1.50349116325,1.5034911632537842,0.0,'nV_V',100.563957214,100.56395721435547,0.0,0.0,0.0,0.0,'3',0.661659121513,0.6616591215133667,0.0,12.0
Living_Things,../experiment_stimuli/bw_bc_bl/Living_Things/Insects/scorpion_5.jpg,Insects,0,scorpion,1.0,2.0,2,547.103881836,547.1038818359375,0.0,546.312255859,546.312255859375,0.0,1.5,1.5,7.0,7.0,'8.0',1.0,1.0,0.0,'2',0.601534903049,0.601534903049469,0.0,'nV_V',547.716064453,547.716064453125,0.0,1.0,1.0,0.0,'1',0.431166231632,0.43116623163223267,0.0,76.0
Living_Things,../experiment_stimuli/bw_bc_bl/Living_Things/Birds/seagull_15.jpg,Birds,0,seagull,1.0,2.0,2,345.235015869,345.2350158691406,0.0,344.453430176,344.45343017578125,0.0,1.5,1.5,6.5,6.5,'7.0',1.0,1.0,0.0,'2',0.671688258648,0.6716882586479187,0.0,'nV_V',345.917358398,345.9173583984375,0.0,0.0,0.0,0.0,'3',0.501301407814,0.5013014078140259,0.0,47.0
Living_Things,../experiment_stimuli/bw_bc_bl/Living_Things/Marine_creatures/shark_4.jpg,Marine_creatures,0,shark,1.0,2.0,2,78.0441513062,78.04415130615234,0.0,77.292640686,77.29264068603516,0.0,1.5,1.5,6.0,6.0,'4.0',0.0,0.0,0.0,'1',1.13269090652,1.1326909065246582,0.0,'nV_V',79.1874771118,79.1874771118164,0.0,1.0,1.0,0.0,'1',0.381047874689,0.3810478746891022,0.0,9.0
Nonliving_Things,../experiment_stimuli/bw_bc_bl/Nonliving_Things/Vehicles/ship_3.jpg,Vehicles,0,ship,1.0,1.0,1,319.128265381,319.1282653808594,0.0,318.346679688,318.3466796875,0.0,1.5,1.5,6.5,6.5,'7.0',1.0,1.0,0.0,'1',0.68170517683,0.6817051768302917,0.0,'nV_V',319.820587158,319.8205871582031,0.0,0.0,0.0,0.0,'3',0.300874948502,0.3008749485015869,0.0,43.0
Nonliving_Things,../experiment_stimuli/bw_bc_bl/Nonliving_Things/Kitchen_Uten/small-saucepan_17.jpg,Kitchen_Uten,0,small-saucepan,1.0,2.0,2,443.58883667,443.5888366699219,0.0,442.797241211,442.7972412109375,0.0,3.5,3.5,7.0,7.0,'8.0',1.0,1.0,0.0,'2',1.29304325581,1.2930432558059692,0.0,'V_nV',444.89251709,444.89251708984375,0.0,0.0,0.0,0.0,'3',1.11264157295,1.1126415729522705,0.0,61.0
Nonliving_Things,../experiment_stimuli/bw_bc_bl/Nonliving_Things/Furniture/sofa_0.jpg,Furniture,0,sofa,1.0,2.0,2,619.781921387,619.7819213867188,0.0,619.060424805,619.0604248046875,0.0,1.5,1.5,6.5,6.5,'1.0',1.0,1.0,0.0,'2',2.37539124489,2.3753912448883057,0.0,'V_nV',622.167907715,622.1679077148438,0.0,1.0,1.0,0.0,'1',0.451053291559,0.45105329155921936,0.0,87.0
Living_Things,../experiment_stimuli/bw_bc_bl/Living_Things/Birds/sparrow_19.jpg,Birds,0,sparrow,1.0,1.0,1,240.116500854,240.1165008544922,0.0,239.385025024,239.38502502441406,0.0,1.5,1.5,6.0,6.0,'2.0',1.0,1.0,0.0,'1',2.8865070343,2.886507034301758,0.0,'V_nV',243.013656616,243.01365661621094,0.0,1.0,1.0,0.0,'1',0.250758618116,0.2507586181163788,0.0,31.0
Living_Things,../experiment_stimuli/bw_bc_bl/Living_Things/Marine_creatures/sperm-whale_1.jpg,Marine_creatures,0,sperm-whale,1.0,2.0,2,465.807159424,465.8071594238281,0.0,465.065643311,465.0656433105469,0.0,2.0,2.0,6.5,6.5,'3.0',0.0,0.0,0.0,'1',2.12484240532,2.124842405319214,0.0,'nV_V',467.942626953,467.942626953125,0.0,1.0,1.0,0.0,'1',0.270804613829,0.27080461382865906,0.0,64.0
Nonliving_Things,../experiment_stimuli/bw_bc_bl/Nonliving_Things/Furniture/table_2.jpg,Furniture,0,table,1.0,1.0,1,260.250274658,260.2502746582031,0.0,259.438598633,259.4385986328125,0.0,1.5,1.5,6.0,6.0,'10.0',1.0,1.0,0.0,'1',1.76406812668,1.7640681266784668,0.0,'nV_V',262.024963379,262.02496337890625,0.0,0.0,0.0,0.0,'3',0.711771190166,0.7117711901664734,0.0,34.0
Living_Things,../experiment_stimuli/bw_bc_bl/Living_Things/Animals/tapir_25.jpg,Animals,0,tapir,1.0,2.0,2,405.305633545,405.3056335449219,0.0,404.483947754,404.48394775390625,0.0,1.5,1.5,6.5,6.5,'11.0',1.0,1.0,0.0,'2',1.54357993603,1.5435799360275269,0.0,'nV_V',406.859863281,406.85986328125,0.0,0.0,0.0,0.0,'3',1.15273177624,1.1527317762374878,0.0,56.0
Nonliving_Things,../experiment_stimuli/bw_bc_bl/Nonliving_Things/Kitchen_Uten/teapot_22.jpg,Kitchen_Uten,0,teapot,1.0,2.0,2,53.6210594177,53.62105941772461,0.0,52.8695259094,52.86952590942383,0.0,1.5,1.5,6.0,6.0,'4.0',1.0,1.0,0.0,'2',5.21155071259,5.211550712585449,0.0,'V_nV',58.8432579041,58.843257904052734,0.0,1.0,1.0,0.0,'1',1.31318259239,1.3131825923919678,0.0,6.0
Living_Things,../experiment_stimuli/bw_bc_bl/Living_Things/Animals/tiger_26.jpg,Animals,0,tiger,1.0,1.0,1,422.242431641,422.242431640625,0.0,421.480895996,421.48089599609375,0.0,2.0,2.0,6.0,6.0,'5.0',1.0,1.0,0.0,'1',1.06252980232,1.0625298023223877,0.0,'V_nV',423.315612793,423.31561279296875,0.0,1.0,1.0,0.0,'1',0.471251159906,0.47125115990638733,0.0,58.0
Living_Things,../experiment_stimuli/bw_bc_bl/Living_Things/Birds/toucan_14.jpg,Birds,0,toucan,1.0,1.0,1,292.149627686,292.1496276855469,0.0,291.408111572,291.4081115722656,0.0,3.0,3.0,6.0,6.0,'3.0',0.0,0.0,0.0,'2',1.39325225353,1.3932522535324097,0.0,'V_nV',293.553497314,293.5534973144531,0.0,1.0,1.0,0.0,'1',0.240748792887,0.240748792886734,0.0,39.0
Nonliving_Things,../experiment_stimuli/bw_bc_bl/Nonliving_Things/Vehicles/tractor_6.jpg,Vehicles,0,tractor,1.0,2.0,2,191.180099487,191.1800994873047,0.0,190.40852356,190.4085235595703,0.0,2.5,2.5,6.0,6.0,'6.0',1.0,1.0,0.0,'2',0.962316393852,0.9623163938522339,0.0,'V_nV',192.153076172,192.153076171875,0.0,0.0,0.0,0.0,'2',0.691726982594,0.6917269825935364,0.0,25.0
Nonliving_Things,../experiment_stimuli/bw_bc_bl/Nonliving_Things/Vehicles/train_22.jpg,Vehicles,0,train,1.0,1.0,1,280.013214111,280.0132141113281,0.0,279.221618652,279.22161865234375,0.0,1.5,1.5,7.5,7.5,'8.0',1.0,1.0,0.0,'1',0.701770842075,0.7017708420753479,0.0,'nV_V',280.725646973,280.72564697265625,0.0,0.0,0.0,0.0,'3',0.270811766386,0.2708117663860321,0.0,37.0
Nonliving_Things,../experiment_stimuli/bw_bc_bl/Nonliving_Things/Musical_Inst/trumpet_21.jpg,Musical_Inst,0,trumpet,1.0,2.0,2,339.392333984,339.392333984375,0.0,338.640777588,338.6407775878906,0.0,3.0,3.0,6.5,6.5,'4.0',1.0,1.0,0.0,'2',0.561442673206,0.5614426732063293,0.0,'V_nV',339.964385986,339.9643859863281,0.0,1.0,1.0,0.0,'1',0.280827313662,0.2808273136615753,0.0,46.0
Nonliving_Things,../experiment_stimuli/bw_bc_bl/Nonliving_Things/Musical_Inst/tuba_7.jpg,Musical_Inst,0,tuba,1.0,2.0,2,147.485107422,147.485107421875,0.0,146.713546753,146.7135467529297,0.0,3.0,3.0,6.0,6.0,'6.0',1.0,1.0,0.0,'2',0.892214357853,0.8922143578529358,0.0,'V_nV',148.387969971,148.38796997070312,0.0,0.0,0.0,0.0,'3',0.862108528614,0.8621085286140442,0.0,19.0
Living_Things,../experiment_stimuli/bw_bc_bl/Living_Things/Animals/turtle_13.jpg,Animals,0,turtle,1.0,2.0,2,540.429382324,540.4293823242188,0.0,539.657775879,539.6577758789062,0.0,1.5,1.5,7.5,7.5,'6.0',1.0,1.0,0.0,'2',0.681708395481,0.6817083954811096,0.0,'nV_V',541.121704102,541.1217041015625,0.0,1.0,1.0,0.0,'1',0.982360780239,0.9823607802391052,0.0,75.0
Nonliving_Things,../experiment_stimuli/bw_bc_bl/Nonliving_Things/Vehicles/van_1.jpg,Vehicles,0,van,1.0,1.0,1,161.595779419,161.5957794189453,0.0,160.864303589,160.8643035888672,0.0,1.5,1.5,6.5,6.5,'2.0',1.0,1.0,0.0,'1',2.40545248985,2.4054524898529053,0.0,'nV_V',164.011871338,164.01187133789062,0.0,1.0,1.0,0.0,'1',1.69391465187,1.6939146518707275,0.0,21.0
Nonliving_Things,../experiment_stimuli/bw_bc_bl/Nonliving_Things/Musical_Inst/violin_23.jpg,Musical_Inst,0,violin,1.0,1.0,1,493.377105713,493.3771057128906,0.0,492.6355896,492.6355895996094,0.0,1.5,1.5,6.0,6.0,'3.0',1.0,1.0,0.0,'1',1.60373139381,1.603731393814087,0.0,'nV_V',494.991455078,494.991455078125,0.0,1.0,1.0,0.0,'1',0.781920671463,0.7819206714630127,0.0,68.0
Nonliving_Things,../experiment_stimuli/bw_bc_bl/Nonliving_Things/Furniture/wardrobe_15.jpg,Furniture,0,wardrobe,1.0,1.0,1,669.299560547,669.299560546875,0.0,668.558044434,668.5580444335938,0.0,1.5,1.5,6.5,6.5,3,1.0,1.0,0.0,'1',1.26297557354,1.2629755735397339,0.0,'nV_V',670.573181152,670.5731811523438,0.0,0.0,0.0,0.0,'3',0.43115735054,0.43115735054016113,0.0,94.0
Living_Things,../experiment_stimuli/bw_bc_bl/Living_Things/Marine_creatures/whale_25.jpg,Marine_creatures,0,whale,1.0,2.0,2,413.012390137,413.01239013671875,0.0,412.22076416,412.22076416015625,0.0,1.5,1.5,6.0,6.0,'8.0',1.0,1.0,0.0,'2',3.71831178665,3.7183117866516113,0.0,'nV_V',416.741333008,416.7413330078125,0.0,0.0,0.0,0.0,'3',0.531378209591,0.5313782095909119,0.0,57.0
Living_Things,../experiment_stimuli/bw_bc_bl/Living_Things/Animals/zebra_21.jpg,Animals,0,zebra,1.0,1.0,1,533.87512207,533.8751220703125,0.0,533.133605957,533.1336059570312,0.0,1.5,1.5,7.5,7.5,'3.0',0.0,0.0,0.0,'2',0.992378234863,0.9923782348632812,0.0,'V_nV',534.878173828,534.878173828125,0.0,1.0,1.0,0.0,'1',0.57131165266,0.5713116526603699,0.0,74.0

extraInfo
n_square,32
expName,Expt_DEF
probeFrames,5
participant,alvaro
frameRate,99.7844686924
date,2019_may_16_1000
session,001
premask_dur,20
postmask_dur,20
