category,probe_path,subcategory,fixation_duration,label,n,correctAns_mean,correctAns_raw,discrim_resptime_mean,discrim_resptime_raw,discrim_resptime_std,image_onset_time_mean,image_onset_time_raw,image_onset_time_std,jitter2_mean,jitter2_raw,probeFrames_raw,probe_onset_mean,probe_onset_raw,probe_onset_std,response.corr_mean,response.corr_raw,response.corr_std,response.keys_raw,response.rt_mean,response.rt_raw,response.rt_std,response_window_raw,visible.corr_mean,visible.corr_raw,visible.corr_std,visible.keys_raw,visible.rt_mean,visible.rt_raw,visible.rt_std,visible_resptime_mean,visible_resptime_raw,visible_resptime_std,order
Nonliving_Things,../experiment_stimuli/bw_bc_bl/Nonliving_Things/Furniture/Chest-of-drawers_4.jpg,Furniture,0,Chest-of-drawers,1.0,2.0,2,191.908111572,191.90811157226562,0.0,190.645462036,190.6454620361328,0.0,7.5,7.5,4,190.650283813,190.65028381347656,0.0,1.0,1.0,0.0,'2',0.7318110466,0.7318110466003418,0.0,'V_nV',1.0,1.0,0.0,'1',0.391066819429,0.3910668194293976,0.0,192.660461426,192.66046142578125,0.0,41.0
Living_Things,../experiment_stimuli/bw_bc_bl/Living_Things/Animals/armadillo_1.jpg,Animals,0,armadillo,1.0,1.0,1,418.240112305,418.2401123046875,0.0,416.977478027,416.97747802734375,0.0,6.0,6.0,3,416.982421875,416.982421875,0.0,1.0,1.0,0.0,'1',0.912211418152,0.9122114181518555,0.0,'V_nV',1.0,1.0,0.0,'1',0.260807931423,0.26080793142318726,0.0,419.172851562,419.1728515625,0.0,93.0
Nonliving_Things,../experiment_stimuli/bw_bc_bl/Nonliving_Things/Furniture/armchair_4.jpg,Furniture,0,armchair,1.0,1.0,1,389.667999268,389.6679992675781,0.0,388.385314941,388.38531494140625,0.0,6.0,6.0,5,388.390075684,388.39007568359375,0.0,1.0,1.0,0.0,'1',0.982363939285,0.9823639392852783,0.0,'nV_V',0.0,0.0,0.0,'2',0.230722397566,0.23072239756584167,0.0,390.670928955,390.6709289550781,0.0,86.0
Nonliving_Things,../experiment_stimuli/bw_bc_bl/Nonliving_Things/Tools/axe_21.jpg,Tools,0,axe,1.0,2.0,2,146.739929199,146.73992919921875,0.0,145.437194824,145.43719482421875,0.0,6.0,6.0,8,145.442123413,145.44212341308594,0.0,1.0,1.0,0.0,'2',0.601536154747,0.6015361547470093,0.0,'V_nV',1.0,1.0,0.0,'1',0.270797759295,0.2707977592945099,0.0,147.362014771,147.3620147705078,0.0,31.0
Living_Things,../experiment_stimuli/bw_bc_bl/Living_Things/Birds/barn-owl_4.jpg,Birds,0,barn-owl,1.0,1.0,1,169.008331299,169.00833129882812,0.0,167.755706787,167.75570678710938,0.0,7.5,7.5,3,167.760635376,167.76063537597656,0.0,0.0,0.0,0.0,'2',1.35317230225,1.3531723022460938,0.0,'V_nV',1.0,1.0,0.0,'1',0.280830025673,0.2808300256729126,0.0,170.382064819,170.38206481933594,0.0,36.0
Nonliving_Things,../experiment_stimuli/bw_bc_bl/Nonliving_Things/Furniture/bed_14.jpg,Furniture,0,bed,1.0,2.0,2,263.152984619,263.1529846191406,0.0,261.890350342,261.8903503417969,0.0,6.5,6.5,4,261.895172119,261.8951721191406,0.0,0.0,0.0,0.0,'1',0.611555933952,0.6115559339523315,0.0,'V_nV',1.0,1.0,0.0,'1',0.230739876628,0.23073987662792206,0.0,263.785095215,263.78509521484375,0.0,56.0
Nonliving_Things,../experiment_stimuli/bw_bc_bl/Nonliving_Things/Furniture/bedside-table_20.jpg,Furniture,0,bedside-table,1.0,2.0,2,304.783477783,304.7834777832031,0.0,303.500793457,303.50079345703125,0.0,6.0,6.0,6,303.505889893,303.5058898925781,0.0,1.0,1.0,0.0,'2',1.10263335705,1.1026333570480347,0.0,'V_nV',0.0,0.0,0.0,'3',0.220706626773,0.22070662677288055,0.0,305.906677246,305.90667724609375,0.0,66.0
Nonliving_Things,../experiment_stimuli/bw_bc_bl/Nonliving_Things/Vehicles/boat_17.jpg,Vehicles,0,boat,1.0,1.0,1,218.115081787,218.11508178710938,0.0,216.812347412,216.81234741210938,0.0,7.0,7.0,8,216.817199707,216.81719970703125,0.0,1.0,1.0,0.0,'1',1.27301549911,1.2730154991149902,0.0,'nV_V',0.0,0.0,0.0,'2',0.340961128473,0.34096112847328186,0.0,219.408660889,219.40866088867188,0.0,46.0
Nonliving_Things,../experiment_stimuli/bw_bc_bl/Nonliving_Things/Furniture/bookcase_16.jpg,Furniture,0,bookcase,1.0,2.0,2,288.217468262,288.21746826171875,0.0,286.954803467,286.9548034667969,0.0,7.5,7.5,4,286.959716797,286.959716796875,0.0,1.0,1.0,0.0,'2',0.691726446152,0.6917264461517334,0.0,'V_nV',1.0,1.0,0.0,'1',0.240760877728,0.24076087772846222,0.0,288.929748535,288.92974853515625,0.0,62.0
Nonliving_Things,../experiment_stimuli/bw_bc_bl/Nonliving_Things/Vehicles/bus_24.jpg,Vehicles,0,bus,1.0,2.0,2,372.85144043,372.8514404296875,0.0,371.578765869,371.5787658691406,0.0,6.5,6.5,4,371.583709717,371.5837097167969,0.0,1.0,1.0,0.0,'2',1.46324717999,1.4632471799850464,0.0,'V_nV',0.0,0.0,0.0,'3',0.240741223097,0.24074122309684753,0.0,374.335266113,374.33526611328125,0.0,82.0
Living_Things,../experiment_stimuli/bw_bc_bl/Living_Things/Insects/butterfly_7.jpg,Insects,0,butterfly,1.0,1.0,1,244.532501221,244.53250122070312,0.0,243.269851685,243.2698516845703,0.0,6.0,6.0,4,243.274673462,243.27467346191406,0.0,1.0,1.0,0.0,'1',0.922238051891,0.9222380518913269,0.0,'V_nV',0.0,0.0,0.0,'3',0.240744039416,0.24074403941631317,0.0,245.475296021,245.4752960205078,0.0,52.0
Nonliving_Things,../experiment_stimuli/bw_bc_bl/Nonliving_Things/Vehicles/car_24.jpg,Vehicles,0,car,1.0,1.0,1,173.678482056,173.67848205566406,0.0,172.395797729,172.3957977294922,0.0,6.0,6.0,6,172.400878906,172.40087890625,0.0,1.0,1.0,0.0,'1',0.922227561474,0.9222275614738464,0.0,'nV_V',0.0,0.0,0.0,'3',0.320925205946,0.32092520594596863,0.0,174.621276855,174.62127685546875,0.0,37.0
Nonliving_Things,../experiment_stimuli/bw_bc_bl/Nonliving_Things/Buildings/castle_16.jpg,Buildings,0,castle,1.0,1.0,1,150.678482056,150.67848205566406,0.0,149.365737915,149.36573791503906,0.0,7.0,7.0,9,149.373291016,149.373291015625,0.0,1.0,1.0,0.0,'1',1.03246343136,1.0324634313583374,0.0,'nV_V',0.0,0.0,0.0,'2',0.320918440819,0.3209184408187866,0.0,151.731506348,151.73150634765625,0.0,32.0
Living_Things,../experiment_stimuli/bw_bc_bl/Living_Things/Animals/cat_11.jpg,Animals,0,cat,1.0,2.0,2,393.897186279,393.8971862792969,0.0,392.634521484,392.634521484375,0.0,6.5,6.5,4,392.639343262,392.63934326171875,0.0,0.0,0.0,0.0,'1',0.521362662315,0.5213626623153687,0.0,'nV_V',0.0,0.0,0.0,'2',0.180619835854,0.18061983585357666,0.0,394.439117432,394.4391174316406,0.0,87.0
Nonliving_Things,../experiment_stimuli/bw_bc_bl/Nonliving_Things/Buildings/cathedral_13.jpg,Buildings,0,cathedral,1.0,2.0,2,69.8327560425,69.83275604248047,0.0,68.5801544189,68.58015441894531,0.0,7.0,7.0,3,68.5850524902,68.58505249023438,0.0,0.0,0.0,0.0,'1',1.68410611153,1.6841061115264893,0.0,'V_nV',1.0,1.0,0.0,'1',0.361005038023,0.361005038022995,0.0,71.5374298096,71.53742980957031,0.0,14.0
Nonliving_Things,../experiment_stimuli/bw_bc_bl/Nonliving_Things/Furniture/chair_9.jpg,Furniture,0,chair,1.0,1.0,1,159.567810059,159.56781005859375,0.0,158.295150757,158.29515075683594,0.0,6.0,6.0,5,158.300949097,158.3009490966797,0.0,1.0,1.0,0.0,'1',0.892172753811,0.8921727538108826,0.0,'nV_V',0.0,0.0,0.0,'2',0.210684135556,0.210684135556221,0.0,160.480545044,160.4805450439453,0.0,34.0
Living_Things,../experiment_stimuli/bw_bc_bl/Living_Things/Animals/cheetah_18.jpg,Animals,0,cheetah,1.0,1.0,1,187.708984375,187.708984375,0.0,186.466384888,186.4663848876953,0.0,6.0,6.0,2,186.472305298,186.47230529785156,0.0,1.0,1.0,0.0,'1',0.902193665504,0.9021936655044556,0.0,'V_nV',1.0,1.0,0.0,'1',0.28083217144,0.2808321714401245,0.0,188.631713867,188.6317138671875,0.0,40.0
Nonliving_Things,../experiment_stimuli/bw_bc_bl/Nonliving_Things/Buildings/church_13.jpg,Buildings,0,church,1.0,1.0,1,125.293319702,125.29331970214844,0.0,124.030685425,124.03068542480469,0.0,6.0,6.0,4,124.035636902,124.03563690185547,0.0,1.0,1.0,0.0,'1',0.892161905766,0.8921619057655334,0.0,'nV_V',0.0,0.0,0.0,'2',0.300882160664,0.30088216066360474,0.0,126.216072083,126.21607208251953,0.0,26.0
Nonliving_Things,../experiment_stimuli/bw_bc_bl/Nonliving_Things/Kitchen_Uten/coking-pot_19.jpg,Kitchen_Uten,0,coking-pot,1.0,2.0,2,377.55166626,377.5516662597656,0.0,376.309051514,376.3090515136719,0.0,6.0,6.0,2,376.313751221,376.3137512207031,0.0,1.0,1.0,0.0,'2',0.761901497841,0.7619014978408813,0.0,'V_nV',0.0,0.0,0.0,'2',0.240764483809,0.24076448380947113,0.0,378.334106445,378.3341064453125,0.0,83.0
Nonliving_Things,../experiment_stimuli/bw_bc_bl/Nonliving_Things/Furniture/couch_5.jpg,Furniture,0,couch,1.0,2.0,2,19.2227554321,19.222755432128906,0.0,17.9601097107,17.96010971069336,0.0,6.5,6.5,4,17.9654788971,17.965478897094727,0.0,1.0,1.0,0.0,'2',0.882143855095,0.8821438550949097,0.0,'V_nV',1.0,1.0,0.0,'1',0.43116542697,0.4311654269695282,0.0,20.1254806519,20.12548065185547,0.0,3.0
Living_Things,../experiment_stimuli/bw_bc_bl/Living_Things/Animals/cow_25.jpg,Animals,0,cow,1.0,1.0,1,227.725982666,227.72598266601562,0.0,226.453308105,226.45330810546875,0.0,7.5,7.5,5,226.458190918,226.45819091796875,0.0,1.0,1.0,0.0,'1',0.822012066841,0.8220120668411255,0.0,'V_nV',0.0,0.0,0.0,'2',0.391069859266,0.39106985926628113,0.0,228.568527222,228.5685272216797,0.0,48.0
Living_Things,../experiment_stimuli/bw_bc_bl/Living_Things/Marine_creatures/crab_5.jpg,Marine_creatures,0,crab,1.0,2.0,2,422.439239502,422.4392395019531,0.0,421.176574707,421.17657470703125,0.0,6.0,6.0,4,421.181396484,421.181396484375,0.0,0.0,0.0,0.0,'1',0.962320685387,0.9623206853866577,0.0,'nV_V',0.0,0.0,0.0,'2',0.34096160531,0.34096160531044006,0.0,423.422088623,423.4220886230469,0.0,94.0
Nonliving_Things,../experiment_stimuli/bw_bc_bl/Nonliving_Things/Kitchen_Uten/cup_10.jpg,Kitchen_Uten,0,cup,1.0,1.0,1,296.194793701,296.1947937011719,0.0,294.872039795,294.8720397949219,0.0,6.0,6.0,10,294.878112793,294.87811279296875,0.0,1.0,1.0,0.0,'1',0.992383122444,0.9923831224441528,0.0,'nV_V',0.0,0.0,0.0,'2',0.250613361597,0.25061336159706116,0.0,297.207763672,297.207763671875,0.0,64.0
Living_Things,../experiment_stimuli/bw_bc_bl/Living_Things/Marine_creatures/dolphin_17.jpg,Marine_creatures,0,dolphin,1.0,1.0,1,368.762542725,368.7625427246094,0.0,367.509918213,367.5099182128906,0.0,6.0,6.0,3,367.514678955,367.5146789550781,0.0,1.0,1.0,0.0,'1',0.781963229179,0.7819632291793823,0.0,'V_nV',1.0,1.0,0.0,'1',0.280829071999,0.2808290719985962,0.0,369.565063477,369.5650634765625,0.0,81.0
Living_Things,../experiment_stimuli/bw_bc_bl/Living_Things/Insects/dragonfly_3.jpg,Insects,0,dragonfly,1.0,2.0,2,155.088088989,155.0880889892578,0.0,153.785339355,153.78533935546875,0.0,6.5,6.5,8,153.790374756,153.79037475585938,0.0,1.0,1.0,0.0,'2',1.13268089294,1.132680892944336,0.0,'nV_V',0.0,0.0,0.0,'3',0.320921063423,0.32092106342315674,0.0,156.241317749,156.24131774902344,0.0,33.0
Nonliving_Things,../experiment_stimuli/bw_bc_bl/Nonliving_Things/Musical_Inst/drum_3.jpg,Musical_Inst,0,drum,1.0,2.0,2,61.0937576294,61.09375762939453,0.0,59.8210945129,59.82109451293945,0.0,7.5,7.5,5,59.8260269165,59.826026916503906,0.0,1.0,1.0,0.0,'2',0.791784346104,0.7917843461036682,0.0,'V_nV',0.0,0.0,0.0,'2',0.451197564602,0.4511975646018982,0.0,61.9061126709,61.90611267089844,0.0,12.0
Living_Things,../experiment_stimuli/bw_bc_bl/Living_Things/Birds/duck_3.jpg,Birds,0,duck,1.0,2.0,2,413.760375977,413.7603759765625,0.0,412.467651367,412.4676513671875,0.0,6.0,6.0,6,412.474121094,412.47412109375,0.0,1.0,1.0,0.0,'2',1.19283545017,1.1928354501724243,0.0,'nV_V',0.0,0.0,0.0,'3',0.270803630352,0.27080363035202026,0.0,414.9737854,414.9737854003906,0.0,92.0
Living_Things,../experiment_stimuli/bw_bc_bl/Living_Things/Animals/elephant_4.jpg,Animals,0,elephant,1.0,1.0,1,257.691101074,257.69110107421875,0.0,256.418457031,256.41845703125,0.0,6.0,6.0,5,256.423309326,256.4233093261719,0.0,1.0,1.0,0.0,'1',1.90436649323,1.9043664932250977,0.0,'V_nV',0.0,0.0,0.0,'2',0.541398823261,0.541398823261261,0.0,259.616027832,259.61602783203125,0.0,55.0
Nonliving_Things,../experiment_stimuli/bw_bc_bl/Nonliving_Things/Buildings/factory_19.jpg,Buildings,0,factory,1.0,2.0,2,138.031005859,138.031005859375,0.0,136.768341064,136.76834106445312,0.0,6.5,6.5,4,136.773162842,136.77316284179688,0.0,1.0,1.0,0.0,'2',1.11265838146,1.1126583814620972,0.0,'V_nV',1.0,1.0,0.0,'1',0.280848383904,0.2808483839035034,0.0,139.164199829,139.16419982910156,0.0,29.0
Nonliving_Things,../experiment_stimuli/bw_bc_bl/Nonliving_Things/Furniture/filling-cabinet_4.jpg,Furniture,0,filling-cabinet,1.0,1.0,1,253.151245117,253.1512451171875,0.0,251.88861084,251.88861083984375,0.0,6.5,6.5,4,251.893539429,251.89353942871094,0.0,1.0,1.0,0.0,'1',1.25296461582,1.2529646158218384,0.0,'nV_V',1.0,1.0,0.0,'1',0.260780751705,0.2607807517051697,0.0,254.424758911,254.4247589111328,0.0,54.0
Nonliving_Things,../experiment_stimuli/bw_bc_bl/Nonliving_Things/Kitchen_Uten/fondue_1.jpg,Kitchen_Uten,0,fondue,1.0,2.0,2,56.7643623352,56.76436233520508,0.0,55.5217437744,55.52174377441406,0.0,6.0,6.0,2,55.5266036987,55.52660369873047,0.0,1.0,1.0,0.0,'2',0.932252585888,0.9322525858879089,0.0,'V_nV',1.0,1.0,0.0,'1',0.371024399996,0.37102439999580383,0.0,57.7171440125,57.71714401245117,0.0,11.0
Nonliving_Things,../experiment_stimuli/bw_bc_bl/Nonliving_Things/Kitchen_Uten/frying-pan_4.jpg,Kitchen_Uten,0,frying-pan,1.0,1.0,1,321.339477539,321.3394775390625,0.0,320.056762695,320.0567626953125,0.0,6.0,6.0,6,320.06161499,320.0616149902344,0.0,1.0,1.0,0.0,'1',0.551424860954,0.5514248609542847,0.0,'nV_V',1.0,1.0,0.0,'1',0.240741819143,0.2407418191432953,0.0,321.911437988,321.91143798828125,0.0,70.0
Living_Things,../experiment_stimuli/bw_bc_bl/Living_Things/Animals/giraffe_13.jpg,Animals,0,giraffe,1.0,2.0,2,14.3421459198,14.342145919799805,0.0,13.0995416641,13.099541664123535,0.0,6.0,6.0,2,13.1044282913,13.1044282913208,0.0,1.0,1.0,0.0,'2',1.41329801083,1.4132980108261108,0.0,'nV_V',1.0,1.0,0.0,'1',0.451194941998,0.4511949419975281,0.0,15.7759866714,15.775986671447754,0.0,2.0
Living_Things,../experiment_stimuli/bw_bc_bl/Living_Things/Birds/goldfinch_7.jpg,Birds,0,goldfinch,1.0,1.0,1,313.542510986,313.5425109863281,0.0,312.279876709,312.2798767089844,0.0,6.0,6.0,4,312.284759521,312.2847595214844,0.0,0.0,0.0,0.0,'2',0.671702921391,0.6717029213905334,0.0,'V_nV',1.0,1.0,0.0,'1',0.250764816999,0.2507648169994354,0.0,314.234771729,314.2347717285156,0.0,68.0
Living_Things,../experiment_stimuli/bw_bc_bl/Living_Things/Birds/goose_0.jpg,Birds,0,goose,1.0,1.0,1,231.955154419,231.9551544189453,0.0,230.692520142,230.69252014160156,0.0,6.0,6.0,4,230.699630737,230.6996307373047,0.0,1.0,1.0,0.0,'1',0.972346246243,0.9723462462425232,0.0,'V_nV',0.0,0.0,0.0,'3',0.300878733397,0.30087873339653015,0.0,232.948074341,232.9480743408203,0.0,49.0
Nonliving_Things,../experiment_stimuli/bw_bc_bl/Nonliving_Things/Buildings/granary_12.jpg,Buildings,0,granary,1.0,1.0,1,133.571304321,133.57130432128906,0.0,132.29864502,132.29864501953125,0.0,7.0,7.0,5,132.303665161,132.3036651611328,0.0,1.0,1.0,0.0,'1',1.12266552448,1.122665524482727,0.0,'nV_V',0.0,0.0,0.0,'2',0.320921361446,0.3209213614463806,0.0,134.714508057,134.71450805664062,0.0,28.0
Nonliving_Things,../experiment_stimuli/bw_bc_bl/Nonliving_Things/Musical_Inst/guitar_1.jpg,Musical_Inst,0,guitar,1.0,1.0,1,89.0044326782,89.00443267822266,0.0,87.7417907715,87.74179077148438,0.0,6.5,6.5,4,87.7467041016,87.7467041015625,0.0,1.0,1.0,0.0,'1',0.87212562561,0.8721256256103516,0.0,'nV_V',0.0,0.0,0.0,'2',0.300865769386,0.3008657693862915,0.0,89.8970947266,89.8970947265625,0.0,18.0
Nonliving_Things,../experiment_stimuli/bw_bc_bl/Nonliving_Things/Tools/hammer_23.jpg,Tools,0,hammer,1.0,1.0,1,80.4558486938,80.45584869384766,0.0,79.2032241821,79.2032241821289,0.0,6.0,6.0,3,79.2080459595,79.20804595947266,0.0,1.0,1.0,0.0,'1',0.892164349556,0.8921643495559692,0.0,'nV_V',1.0,1.0,0.0,'1',0.290851742029,0.29085174202919006,0.0,81.368560791,81.36856079101562,0.0,16.0
Living_Things,../experiment_stimuli/bw_bc_bl/Living_Things/Birds/hen_8.jpg,Birds,0,hen,1.0,1.0,1,208.7447052,208.7447052001953,0.0,207.482086182,207.48208618164062,0.0,6.5,6.5,4,207.486968994,207.48696899414062,0.0,1.0,1.0,0.0,'1',1.72397303581,1.723973035812378,0.0,'V_nV',1.0,1.0,0.0,'1',0.330788850784,0.33078885078430176,0.0,210.489242554,210.48924255371094,0.0,44.0
Living_Things,../experiment_stimuli/bw_bc_bl/Living_Things/Animals/hippopotamus_21.jpg,Animals,0,hippopotamus,1.0,1.0,1,356.746429443,356.7464294433594,0.0,355.463775635,355.4637756347656,0.0,6.5,6.5,6,355.468566895,355.46856689453125,0.0,1.0,1.0,0.0,'1',0.551427602768,0.5514276027679443,0.0,'V_nV',0.0,0.0,0.0,'3',0.270812869072,0.27081286907196045,0.0,357.318450928,357.3184509277344,0.0,78.0
Living_Things,../experiment_stimuli/bw_bc_bl/Living_Things/Animals/horse_26.jpg,Animals,0,horse,1.0,2.0,2,65.3530197144,65.35301971435547,0.0,64.0903930664,64.09039306640625,0.0,7.0,7.0,4,64.0952682495,64.09526824951172,0.0,1.0,1.0,0.0,'2',1.09260833263,1.0926083326339722,0.0,'nV_V',0.0,0.0,0.0,'2',0.381049126387,0.38104912638664246,0.0,66.4661865234,66.4661865234375,0.0,13.0
Nonliving_Things,../experiment_stimuli/bw_bc_bl/Nonliving_Things/Buildings/house_24.jpg,Buildings,0,house,1.0,2.0,2,113.05670929,113.05670928955078,0.0,111.814109802,111.8141098022461,0.0,6.5,6.5,2,111.818893433,111.81889343261719,0.0,0.0,0.0,0.0,'1',0.932261526585,0.9322615265846252,0.0,'V_nV',1.0,1.0,0.0,'1',0.280862390995,0.28086239099502563,0.0,114.009559631,114.00955963134766,0.0,23.0
Living_Things,../experiment_stimuli/bw_bc_bl/Living_Things/Birds/hummingbird_13.jpg,Birds,0,hummingbird,1.0,2.0,2,27.8314628601,27.831462860107422,0.0,26.568813324,26.56881332397461,0.0,6.5,6.5,4,26.5736618042,26.57366180419922,0.0,0.0,0.0,0.0,'1',1.38307499886,1.3830749988555908,0.0,'nV_V',1.0,1.0,0.0,'1',0.41112267971,0.4111226797103882,0.0,29.2351093292,29.235109329223633,0.0,5.0
Living_Things,../experiment_stimuli/bw_bc_bl/Living_Things/Marine_creatures/killer-whale_13.jpg,Marine_creatures,0,killer-whale,1.0,1.0,1,292.196105957,292.19610595703125,0.0,290.903411865,290.9034118652344,0.0,7.5,7.5,7,290.910919189,290.9109191894531,0.0,1.0,1.0,0.0,'1',0.681707620621,0.6817076206207275,0.0,'V_nV',1.0,1.0,0.0,'1',0.240742042661,0.2407420426607132,0.0,292.898376465,292.89837646484375,0.0,63.0
Living_Things,../experiment_stimuli/bw_bc_bl/Living_Things/Birds/kiwi_23.jpg,Birds,0,kiwi,1.0,1.0,1,339.158203125,339.158203125,0.0,337.85546875,337.85546875,0.0,6.0,6.0,8,337.860595703,337.860595703125,0.0,1.0,1.0,0.0,'1',0.842054545879,0.842054545879364,0.0,'V_nV',0.0,0.0,0.0,'3',0.290856033564,0.2908560335636139,0.0,340.020812988,340.02081298828125,0.0,74.0
Living_Things,../experiment_stimuli/bw_bc_bl/Living_Things/Insects/ladybird_1.jpg,Insects,0,ladybird,1.0,1.0,1,401.393493652,401.39349365234375,0.0,400.140869141,400.140869140625,0.0,6.0,6.0,2,400.145599365,400.1455993652344,0.0,1.0,1.0,0.0,'1',1.02245128155,1.0224512815475464,0.0,'V_nV',1.0,1.0,0.0,'1',0.220698609948,0.22069860994815826,0.0,402.43649292,402.4364929199219,0.0,89.0
Nonliving_Things,../experiment_stimuli/bw_bc_bl/Nonliving_Things/Furniture/lamp_16.jpg,Furniture,0,lamp,1.0,1.0,1,74.8937530518,74.89375305175781,0.0,73.631111145,73.63111114501953,0.0,7.5,7.5,4,73.6371536255,73.63715362548828,0.0,1.0,1.0,0.0,'1',2.23509216309,2.2350921630859375,0.0,'nV_V',0.0,0.0,0.0,'2',0.320978760719,0.3209787607192993,0.0,77.1494064331,77.14940643310547,0.0,15.0
Nonliving_Things,../experiment_stimuli/bw_bc_bl/Nonliving_Things/Furniture/lectern_26.jpg,Furniture,0,lectern,1.0,1.0,1,405.652740479,405.6527404785156,0.0,404.390075684,404.39007568359375,0.0,6.0,6.0,4,404.394897461,404.3948974609375,0.0,1.0,1.0,0.0,'1',0.862109780312,0.8621097803115845,0.0,'nV_V',0.0,0.0,0.0,'2',0.240756884217,0.24075688421726227,0.0,406.535430908,406.5354309082031,0.0,90.0
Living_Things,../experiment_stimuli/bw_bc_bl/Living_Things/Animals/lioness_6.jpg,Animals,0,lioness,1.0,1.0,1,325.17779541,325.17779541015625,0.0,323.885101318,323.8851013183594,0.0,6.0,6.0,7,323.889953613,323.88995361328125,0.0,1.0,1.0,0.0,'1',0.731823801994,0.7318238019943237,0.0,'V_nV',1.0,1.0,0.0,'1',0.240738615394,0.2407386153936386,0.0,325.930206299,325.9302062988281,0.0,71.0
Living_Things,../experiment_stimuli/bw_bc_bl/Living_Things/Marine_creatures/lobster_14.jpg,Marine_creatures,0,lobster,1.0,1.0,1,84.6649932861,84.66499328613281,0.0,83.3923339844,83.392333984375,0.0,6.5,6.5,5,83.3974151611,83.39741516113281,0.0,0.0,0.0,0.0,'2',0.962330579758,0.9623305797576904,0.0,'V_nV',0.0,0.0,0.0,'2',0.36100551486,0.3610055148601532,0.0,85.6478881836,85.64788818359375,0.0,17.0
Living_Things,../experiment_stimuli/bw_bc_bl/Living_Things/Animals/lynx_9.jpg,Animals,0,lynx,1.0,1.0,1,351.515045166,351.5150451660156,0.0,350.262420654,350.2624206542969,0.0,6.0,6.0,3,350.267333984,350.267333984375,0.0,0.0,0.0,0.0,'2',1.92441034317,1.924410343170166,0.0,'V_nV',1.0,1.0,0.0,'1',0.270810604095,0.270810604095459,0.0,353.460021973,353.46002197265625,0.0,77.0
Living_Things,../experiment_stimuli/bw_bc_bl/Living_Things/Birds/magpie_23.jpg,Birds,0,magpie,1.0,1.0,1,183.329452515,183.32945251464844,0.0,182.076843262,182.07684326171875,0.0,7.5,7.5,3,182.081802368,182.08180236816406,0.0,1.0,1.0,0.0,'1',1.1625944376,1.1625944375991821,0.0,'V_nV',0.0,0.0,0.0,'2',0.220701679587,0.2207016795873642,0.0,184.512619019,184.5126190185547,0.0,39.0
Living_Things,../experiment_stimuli/bw_bc_bl/Living_Things/Marine_creatures/manatee_25.jpg,Marine_creatures,0,manatee,1.0,1.0,1,279.468444824,279.46844482421875,0.0,278.175720215,278.17572021484375,0.0,6.0,6.0,7,278.181793213,278.1817932128906,0.0,1.0,1.0,0.0,'1',0.952317416668,0.9523174166679382,0.0,'V_nV',0.0,0.0,0.0,'3',0.280827432871,0.28082743287086487,0.0,280.441345215,280.44134521484375,0.0,60.0
Nonliving_Things,../experiment_stimuli/bw_bc_bl/Nonliving_Things/Buildings/mill_11.jpg,Buildings,0,mill,1.0,2.0,2,334.017028809,334.01702880859375,0.0,332.70425415,332.7042541503906,0.0,7.0,7.0,9,332.71206665,332.7120666503906,0.0,1.0,1.0,0.0,'2',1.76407694817,1.7640769481658936,0.0,'V_nV',0.0,0.0,0.0,'2',0.320916026831,0.3209160268306732,0.0,335.80166626,335.8016662597656,0.0,73.0
Nonliving_Things,../experiment_stimuli/bw_bc_bl/Nonliving_Things/Vehicles/motorbike_12.jpg,Vehicles,0,motorbike,1.0,1.0,1,347.476287842,347.4762878417969,0.0,346.213623047,346.213623046875,0.0,6.0,6.0,4,346.218566895,346.21856689453125,0.0,1.0,1.0,0.0,'1',0.771901547909,0.771901547908783,0.0,'nV_V',0.0,0.0,0.0,'2',0.260785847902,0.260785847902298,0.0,348.268737793,348.26873779296875,0.0,76.0
Living_Things,../experiment_stimuli/bw_bc_bl/Living_Things/Marine_creatures/narwhal_5.jpg,Marine_creatures,0,narwhal,1.0,2.0,2,329.226623535,329.22662353515625,0.0,327.903839111,327.9038391113281,0.0,6.5,6.5,10,327.908843994,327.9088439941406,0.0,1.0,1.0,0.0,'2',1.46340703964,1.463407039642334,0.0,'nV_V',0.0,0.0,0.0,'2',0.26079210639,0.2607921063899994,0.0,330.710571289,330.7105712890625,0.0,72.0
Living_Things,../experiment_stimuli/bw_bc_bl/Living_Things/Birds/ostrich_3.jpg,Birds,0,ostrich,1.0,2.0,2,47.5543289185,47.55432891845703,0.0,46.291683197,46.291683197021484,0.0,6.0,6.0,4,46.2966079712,46.296607971191406,0.0,1.0,1.0,0.0,'2',1.09259784222,1.0925978422164917,0.0,'nV_V',0.0,0.0,0.0,'2',0.371026992798,0.37102699279785156,0.0,48.6674766541,48.667476654052734,0.0,9.0
Living_Things,../experiment_stimuli/bw_bc_bl/Living_Things/Birds/owl_17.jpg,Birds,0,owl,1.0,2.0,2,317.491088867,317.4910888671875,0.0,316.218414307,316.2184143066406,0.0,6.0,6.0,5,316.223358154,316.2233581542969,0.0,0.0,0.0,0.0,'1',0.621579945087,0.6215799450874329,0.0,'nV_V',1.0,1.0,0.0,'1',0.190640062094,0.19064006209373474,0.0,318.133239746,318.13323974609375,0.0,69.0
Nonliving_Things,../experiment_stimuli/bw_bc_bl/Nonliving_Things/Buildings/palace_5.jpg,Buildings,0,palace,1.0,1.0,1,283.727722168,283.72772216796875,0.0,282.455047607,282.4550476074219,0.0,6.0,6.0,5,282.460113525,282.4601135253906,0.0,1.0,1.0,0.0,'1',1.18281781673,1.182817816734314,0.0,'nV_V',0.0,0.0,0.0,'2',0.290853649378,0.2908536493778229,0.0,284.931091309,284.93109130859375,0.0,61.0
Living_Things,../experiment_stimuli/bw_bc_bl/Living_Things/Birds/partridge_8.jpg,Birds,0,partridge,1.0,2.0,2,177.937744141,177.937744140625,0.0,176.675094604,176.6750946044922,0.0,6.0,6.0,4,176.681091309,176.68109130859375,0.0,1.0,1.0,0.0,'2',2.09477329254,2.094773292541504,0.0,'nV_V',0.0,0.0,0.0,'2',0.290865898132,0.2908658981323242,0.0,180.053070068,180.05307006835938,0.0,38.0
Living_Things,../experiment_stimuli/bw_bc_bl/Living_Things/Birds/pelican_25.jpg,Birds,0,pelican,1.0,1.0,1,196.077178955,196.07717895507812,0.0,194.784454346,194.78445434570312,0.0,6.5,6.5,7,194.790771484,194.790771484375,0.0,1.0,1.0,0.0,'1',1.62375438213,1.6237543821334839,0.0,'V_nV',0.0,0.0,0.0,'2',0.2706553936,0.27065539360046387,0.0,197.721481323,197.7214813232422,0.0,42.0
Living_Things,../experiment_stimuli/bw_bc_bl/Living_Things/Birds/penguin_25.jpg,Birds,0,penguin,1.0,1.0,1,222.77520752,222.77520751953125,0.0,221.482528687,221.48252868652344,0.0,6.0,6.0,7,221.487411499,221.48741149902344,0.0,1.0,1.0,0.0,'1',1.50351130962,1.5035113096237183,0.0,'V_nV',0.0,0.0,0.0,'3',0.421138584614,0.42113858461380005,0.0,224.299285889,224.29928588867188,0.0,47.0
Nonliving_Things,../experiment_stimuli/bw_bc_bl/Nonliving_Things/Musical_Inst/piano__18.jpg,Musical_Inst,0,piano,1.0,1.0,1,129.502471924,129.50247192382812,0.0,128.249847412,128.24984741210938,0.0,6.0,6.0,3,128.254760742,128.2547607421875,0.0,1.0,1.0,0.0,'1',0.771781921387,0.7717819213867188,0.0,'nV_V',1.0,1.0,0.0,'1',0.270811229944,0.2708112299442291,0.0,130.294815063,130.29481506347656,0.0,27.0
Living_Things,../experiment_stimuli/bw_bc_bl/Living_Things/Birds/pigeon_24.jpg,Birds,0,pigeon,1.0,1.0,1,385.438812256,385.4388122558594,0.0,384.166137695,384.1661376953125,0.0,6.0,6.0,4,384.170928955,384.1709289550781,0.0,1.0,1.0,0.0,'1',0.932255864143,0.9322558641433716,0.0,'V_nV',1.0,1.0,0.0,'1',0.260786235332,0.260786235332489,0.0,386.391601562,386.3916015625,0.0,85.0
Nonliving_Things,../experiment_stimuli/bw_bc_bl/Nonliving_Things/Vehicles/plane_10.jpg,Vehicles,0,plane,1.0,2.0,2,364.423126221,364.4231262207031,0.0,363.180511475,363.1805114746094,0.0,6.0,6.0,2,363.188232422,363.188232421875,0.0,0.0,0.0,0.0,'1',1.12267231941,1.1226723194122314,0.0,'V_nV',1.0,1.0,0.0,'1',0.210694476962,0.21069447696208954,0.0,365.566375732,365.5663757324219,0.0,80.0
Living_Things,../experiment_stimuli/bw_bc_bl/Living_Things/Marine_creatures/pomfret_14.jpg,Marine_creatures,0,pomfret,1.0,1.0,1,163.686767578,163.686767578125,0.0,162.424133301,162.42413330078125,0.0,8.0,8.0,4,162.429916382,162.42991638183594,0.0,1.0,1.0,0.0,'1',1.95447099209,1.9544709920883179,0.0,'V_nV',0.0,0.0,0.0,'2',0.361027061939,0.3610270619392395,0.0,165.66178894,165.6617889404297,0.0,35.0
Nonliving_Things,../experiment_stimuli/bw_bc_bl/Nonliving_Things/Kitchen_Uten/pot_12.jpg,Kitchen_Uten,0,pot,1.0,1.0,1,23.5722045898,23.57220458984375,0.0,22.289516449,22.28951644897461,0.0,6.0,6.0,6,22.2946357727,22.294635772705078,0.0,1.0,1.0,0.0,'1',0.892169892788,0.8921698927879333,0.0,'nV_V',0.0,0.0,0.0,'3',0.35098361969,0.3509836196899414,0.0,24.4849243164,24.48492431640625,0.0,4.0
Living_Things,../experiment_stimuli/bw_bc_bl/Living_Things/Birds/raven_26.jpg,Birds,0,raven,1.0,2.0,2,275.159088135,275.1590881347656,0.0,273.85635376,273.8563537597656,0.0,8.0,8.0,8,273.862335205,273.8623352050781,0.0,1.0,1.0,0.0,'2',0.962319076061,0.9623190760612488,0.0,'nV_V',0.0,0.0,0.0,'2',0.300876200199,0.3008762001991272,0.0,276.141967773,276.1419677734375,0.0,59.0
Living_Things,../experiment_stimuli/bw_bc_bl/Living_Things/Animals/rhino_3.jpg,Animals,0,rhino,1.0,1.0,1,267.041442871,267.04144287109375,0.0,265.748718262,265.74871826171875,0.0,6.5,6.5,7,265.753631592,265.7536315917969,0.0,1.0,1.0,0.0,'1',0.491296976805,0.4912969768047333,0.0,'V_nV',0.0,0.0,0.0,'2',0.320917338133,0.3209173381328583,0.0,267.553283691,267.55328369140625,0.0,57.0
Nonliving_Things,../experiment_stimuli/bw_bc_bl/Nonliving_Things/Furniture/rocking-chair_2.jpg,Furniture,0,rocking-chair,1.0,2.0,2,42.3931121826,42.39311218261719,0.0,41.1104278564,41.11042785644531,0.0,6.5,6.5,6,41.1153755188,41.11537551879883,0.0,1.0,1.0,0.0,'2',1.78410923481,1.7841092348098755,0.0,'V_nV',0.0,0.0,0.0,'3',0.360851794481,0.36085179448127747,0.0,44.1977882385,44.19778823852539,0.0,8.0
Living_Things,../experiment_stimuli/bw_bc_bl/Living_Things/Birds/rooster_0.jpg,Birds,0,rooster,1.0,2.0,2,426.748596191,426.74859619140625,0.0,425.49597168,425.4959716796875,0.0,6.5,6.5,3,425.502593994,425.5025939941406,0.0,1.0,1.0,0.0,'2',0.791948080063,0.7919480800628662,0.0,'nV_V',0.0,0.0,0.0,'2',0.260782241821,0.26078224182128906,0.0,427.561126709,427.5611267089844,0.0,95.0
Nonliving_Things,../experiment_stimuli/bw_bc_bl/Nonliving_Things/Kitchen_Uten/saucepan_17.jpg,Kitchen_Uten,0,saucepan,1.0,1.0,1,201.007919312,201.00791931152344,0.0,199.725204468,199.72520446777344,0.0,7.5,7.5,6,199.731063843,199.73106384277344,0.0,1.0,1.0,0.0,'1',3.66819834709,3.668198347091675,0.0,'nV_V',0.0,0.0,0.0,'3',1.05251014233,1.052510142326355,0.0,204.696640015,204.69664001464844,0.0,43.0
Nonliving_Things,../experiment_stimuli/bw_bc_bl/Nonliving_Things/Musical_Inst/saxophone_15.jpg,Musical_Inst,0,saxophone,1.0,1.0,1,270.889801025,270.8898010253906,0.0,269.607116699,269.60711669921875,0.0,6.5,6.5,6,269.612091064,269.6120910644531,0.0,1.0,1.0,0.0,'1',0.952305197716,0.9523051977157593,0.0,'nV_V',1.0,1.0,0.0,'1',0.260785609484,0.26078560948371887,0.0,271.862640381,271.8626403808594,0.0,58.0
Living_Things,../experiment_stimuli/bw_bc_bl/Living_Things/Insects/scorpion_1.jpg,Insects,0,scorpion,1.0,1.0,1,409.781707764,409.7817077636719,0.0,408.519073486,408.5190734863281,0.0,6.0,6.0,3,408.525604248,408.5256042480469,0.0,0.0,0.0,0.0,'2',0.681722998619,0.6817229986190796,0.0,'V_nV',1.0,1.0,0.0,'1',0.250772893429,0.2507728934288025,0.0,410.484008789,410.4840087890625,0.0,91.0
Living_Things,../experiment_stimuli/bw_bc_bl/Living_Things/Birds/seagull_3.jpg,Birds,0,seagull,1.0,2.0,2,397.605255127,397.6052551269531,0.0,396.352630615,396.3526306152344,0.0,6.0,6.0,3,396.357452393,396.3574523925781,0.0,0.0,0.0,0.0,'1',0.561452388763,0.5614523887634277,0.0,'nV_V',0.0,0.0,0.0,'2',0.220700055361,0.22070005536079407,0.0,398.187286377,398.1872863769531,0.0,88.0
Living_Things,../experiment_stimuli/bw_bc_bl/Living_Things/Marine_creatures/shark_21.jpg,Marine_creatures,0,shark,1.0,2.0,2,37.0815849304,37.08158493041992,0.0,35.7688407898,35.76884078979492,0.0,6.5,6.5,9,35.774230957,35.77423095703125,0.0,1.0,1.0,0.0,'2',1.48345685005,1.4834568500518799,0.0,'nV_V',0.0,0.0,0.0,'3',0.792032301426,0.7920323014259338,0.0,38.5855712891,38.5855712890625,0.0,7.0
Nonliving_Things,../experiment_stimuli/bw_bc_bl/Nonliving_Things/Vehicles/ship_20.jpg,Vehicles,0,ship,1.0,2.0,2,213.845809937,213.84580993652344,0.0,212.553085327,212.55308532714844,0.0,8.0,8.0,7,212.558029175,212.5580291748047,0.0,1.0,1.0,0.0,'2',0.862104594707,0.862104594707489,0.0,'V_nV',1.0,1.0,0.0,'1',0.350981354713,0.35098135471343994,0.0,214.728469849,214.7284698486328,0.0,45.0
Nonliving_Things,../experiment_stimuli/bw_bc_bl/Nonliving_Things/Kitchen_Uten/small-saucepan_6.jpg,Kitchen_Uten,0,small-saucepan,1.0,1.0,1,381.540344238,381.54034423828125,0.0,380.307739258,380.3077392578125,0.0,6.0,6.0,1,380.3125,380.3125,0.0,1.0,1.0,0.0,'1',0.641626596451,0.6416265964508057,0.0,'nV_V',1.0,1.0,0.0,'1',0.230719745159,0.23071974515914917,0.0,382.202514648,382.2025146484375,0.0,84.0
Nonliving_Things,../experiment_stimuli/bw_bc_bl/Nonliving_Things/Furniture/sofa_20.jpg,Furniture,0,sofa,1.0,2.0,2,236.224441528,236.2244415283203,0.0,234.981842041,234.98184204101562,0.0,6.0,6.0,2,234.98677063,234.9867706298828,0.0,1.0,1.0,0.0,'2',0.621578872204,0.6215788722038269,0.0,'V_nV',1.0,1.0,0.0,'1',0.29085123539,0.2908512353897095,0.0,236.866973877,236.86697387695312,0.0,50.0
Living_Things,../experiment_stimuli/bw_bc_bl/Living_Things/Birds/sparrow_23.jpg,Birds,0,sparrow,1.0,2.0,2,32.6619606018,32.66196060180664,0.0,31.3792743683,31.379274368286133,0.0,7.0,7.0,6,31.3841304779,31.384130477905273,0.0,0.0,0.0,0.0,'1',1.05235028267,1.0523502826690674,0.0,'nV_V',1.0,1.0,0.0,'1',0.300874978304,0.3008749783039093,0.0,33.7348670959,33.734867095947266,0.0,6.0
Living_Things,../experiment_stimuli/bw_bc_bl/Living_Things/Marine_creatures/sperm-whale_3.jpg,Marine_creatures,0,sperm-whale,1.0,1.0,1,142.4506073,142.4506072998047,0.0,141.177932739,141.1779327392578,0.0,6.0,6.0,5,141.182693481,141.1826934814453,0.0,0.0,0.0,0.0,'2',0.932270526886,0.9322705268859863,0.0,'V_nV',1.0,1.0,0.0,'1',0.300887525082,0.3008875250816345,0.0,143.403442383,143.4034423828125,0.0,30.0
Nonliving_Things,../experiment_stimuli/bw_bc_bl/Nonliving_Things/Furniture/table_15.jpg,Furniture,0,table,1.0,1.0,1,104.437980652,104.43798065185547,0.0,103.165306091,103.1653060913086,0.0,6.5,6.5,5,103.170173645,103.17017364501953,0.0,1.0,1.0,0.0,'1',0.781919896603,0.7819198966026306,0.0,'nV_V',0.0,0.0,0.0,'2',0.401174485683,0.40117448568344116,0.0,105.240440369,105.24044036865234,0.0,21.0
Living_Things,../experiment_stimuli/bw_bc_bl/Living_Things/Animals/tapir_22.jpg,Animals,0,tapir,1.0,2.0,2,240.163009644,240.1630096435547,0.0,238.890335083,238.8903350830078,0.0,6.0,6.0,5,238.895187378,238.8951873779297,0.0,1.0,1.0,0.0,'2',1.07255995274,1.0725599527359009,0.0,'nV_V',0.0,0.0,0.0,'2',0.280828863382,0.2808288633823395,0.0,241.256103516,241.256103515625,0.0,51.0
Nonliving_Things,../experiment_stimuli/bw_bc_bl/Nonliving_Things/Kitchen_Uten/teapot_14.jpg,Kitchen_Uten,0,teapot,1.0,2.0,2,300.504180908,300.5041809082031,0.0,299.19140625,299.19140625,0.0,6.0,6.0,9,299.198883057,299.1988830566406,0.0,1.0,1.0,0.0,'2',0.912046074867,0.9120460748672485,0.0,'V_nV',0.0,0.0,0.0,'3',0.320917129517,0.32091712951660156,0.0,301.446807861,301.4468078613281,0.0,65.0
Living_Things,../experiment_stimuli/bw_bc_bl/Living_Things/Animals/tiger_13.jpg,Animals,0,tiger,1.0,1.0,1,121.234489441,121.23448944091797,0.0,119.991882324,119.99188232421875,0.0,6.0,6.0,2,119.996780396,119.99678039550781,0.0,0.0,0.0,0.0,'2',0.75186496973,0.7518649697303772,0.0,'V_nV',1.0,1.0,0.0,'1',0.290854930878,0.29085493087768555,0.0,122.006912231,122.00691223144531,0.0,25.0
Living_Things,../experiment_stimuli/bw_bc_bl/Living_Things/Birds/toucan_3.jpg,Birds,0,toucan,1.0,2.0,2,248.691543579,248.69154357910156,0.0,247.448944092,247.44894409179688,0.0,6.5,6.5,2,247.453887939,247.45388793945312,0.0,1.0,1.0,0.0,'2',1.14254963398,1.1425496339797974,0.0,'nV_V',1.0,1.0,0.0,'1',0.30087813735,0.3008781373500824,0.0,249.854644775,249.85464477539062,0.0,53.0
Nonliving_Things,../experiment_stimuli/bw_bc_bl/Nonliving_Things/Vehicles/tractor_15.jpg,Vehicles,0,tractor,1.0,2.0,2,343.327270508,343.3272705078125,0.0,342.044555664,342.0445556640625,0.0,7.5,7.5,6,342.049407959,342.0494079589844,0.0,1.0,1.0,0.0,'2',0.812014102936,0.812014102935791,0.0,'V_nV',0.0,0.0,0.0,'3',0.32091987133,0.32091987133026123,0.0,344.159820557,344.1598205566406,0.0,75.0
Nonliving_Things,../experiment_stimuli/bw_bc_bl/Nonliving_Things/Vehicles/train_6.jpg,Vehicles,0,train,1.0,1.0,1,309.112884521,309.1128845214844,0.0,307.86026001,307.8602600097656,0.0,7.0,7.0,3,307.866271973,307.86627197265625,0.0,1.0,1.0,0.0,'1',1.20284771919,1.2028477191925049,0.0,'nV_V',1.0,1.0,0.0,'1',0.210684731603,0.21068473160266876,0.0,310.336303711,310.3363037109375,0.0,67.0
Nonliving_Things,../experiment_stimuli/bw_bc_bl/Nonliving_Things/Musical_Inst/trumpet_18.jpg,Musical_Inst,0,trumpet,1.0,2.0,2,10.0728654861,10.07286548614502,0.0,8.82024288177,8.820242881774902,0.0,7.5,7.5,3,8.82523441315,8.825234413146973,0.0,1.0,1.0,0.0,'2',0.872122347355,0.8721223473548889,0.0,'V_nV',0.0,0.0,0.0,'2',0.401107996702,0.4011079967021942,0.0,10.9655618668,10.965561866760254,0.0,1.0
Nonliving_Things,../experiment_stimuli/bw_bc_bl/Nonliving_Things/Musical_Inst/tuba_8.jpg,Musical_Inst,0,tuba,1.0,1.0,1,5.00184488297,5.001844882965088,0.0,3.71917891502,3.7191789150238037,0.0,6.0,6.0,'5.0',3.73910522461,3.739105224609375,0.0,1.0,1.0,0.0,'1',1.1828057766,1.1828057765960693,0.0,'nV_V',0.0,0.0,0.0,'3',0.872112512589,0.872112512588501,0.0,6.21549892426,6.215498924255371,0.0,0.0
Living_Things,../experiment_stimuli/bw_bc_bl/Living_Things/Animals/turtle_9.jpg,Animals,0,turtle,1.0,2.0,2,93.1835174561,93.18351745605469,0.0,91.9308929443,91.93089294433594,0.0,6.5,6.5,3,91.9357299805,91.93572998046875,0.0,1.0,1.0,0.0,'2',2.47560429573,2.475604295730591,0.0,'nV_V',1.0,1.0,0.0,'1',0.250764936209,0.250764936208725,0.0,95.6796569824,95.67965698242188,0.0,19.0
Nonliving_Things,../experiment_stimuli/bw_bc_bl/Nonliving_Things/Vehicles/van_0.jpg,Vehicles,0,van,1.0,2.0,2,52.0240440369,52.024044036865234,0.0,50.7714233398,50.77142333984375,0.0,7.0,7.0,3,50.7762870789,50.77628707885742,0.0,1.0,1.0,0.0,'2',1.39324915409,1.3932491540908813,0.0,'V_nV',0.0,0.0,0.0,'2',0.340979218483,0.3409792184829712,0.0,53.4478797913,53.447879791259766,0.0,10.0
Nonliving_Things,../experiment_stimuli/bw_bc_bl/Nonliving_Things/Musical_Inst/violin_7.jpg,Musical_Inst,0,violin,1.0,2.0,2,98.9460372925,98.94603729248047,0.0,97.6633453369,97.66334533691406,0.0,6.5,6.5,6,97.6684646606,97.66846466064453,0.0,1.0,1.0,0.0,'2',1.71395468712,1.7139546871185303,0.0,'V_nV',0.0,0.0,0.0,'2',0.751704037189,0.7517040371894836,0.0,100.680549622,100.68054962158203,0.0,20.0
Nonliving_Things,../experiment_stimuli/bw_bc_bl/Nonliving_Things/Furniture/wardrobe_17.jpg,Furniture,0,wardrobe,1.0,1.0,1,360.594787598,360.59478759765625,0.0,359.322113037,359.3221130371094,0.0,6.0,6.0,4,359.326843262,359.32684326171875,0.0,1.0,1.0,0.0,'1',0.621580541134,0.6215805411338806,0.0,'nV_V',0.0,0.0,0.0,'3',0.210702598095,0.21070259809494019,0.0,361.236907959,361.2369079589844,0.0,79.0
Living_Things,../experiment_stimuli/bw_bc_bl/Living_Things/Marine_creatures/whale_16.jpg,Marine_creatures,0,whale,1.0,1.0,1,117.275878906,117.27587890625,0.0,116.023254395,116.02325439453125,0.0,6.5,6.5,3,116.028106689,116.02810668945312,0.0,1.0,1.0,0.0,'1',0.681707918644,0.6817079186439514,0.0,'V_nV',0.0,0.0,0.0,'2',0.280829578638,0.2808295786380768,0.0,117.978157043,117.97815704345703,0.0,24.0
Living_Things,../experiment_stimuli/bw_bc_bl/Living_Things/Animals/zebra_2.jpg,Animals,0,zebra,1.0,1.0,1,108.63710022,108.63710021972656,0.0,107.374458313,107.37445831298828,0.0,6.0,6.0,4,107.380813599,107.38081359863281,0.0,1.0,1.0,0.0,'1',1.16276884079,1.162768840789795,0.0,'V_nV',0.0,0.0,0.0,'3',0.260784268379,0.2607842683792114,0.0,109.820411682,109.8204116821289,0.0,22.0

extraInfo
n_square,32
experiment_color,bw
frameRate,99.7807366318
date,2019_may_15_1628
session,002
image_size,256
premask_dur,20
probeFrames,5
participant,xabier
expName,Experiment_EEG_version
postmask_dur,20
