roi_name,side,feature_selector,conscious_state,ps_mean,ps_std,p,t,diff,ps_corrected,stars
fusiform,lh,Mutual,conscious,9.999900000999992e-06,1.6940658945086007e-21,0.0,76.09633264066761,0.30520389290595545,0.0009599904000959993,***
fusiform,lh,None,conscious,9.999900000999992e-06,1.6940658945086007e-21,0.0,83.62857552440325,0.3249111497032147,0.0009599904000959993,***
fusiform,lh,PCA,conscious,9.999900000999992e-06,1.6940658945086007e-21,0.0,83.72232665467243,0.3251742674632339,0.0009599904000959993,***
fusiform,lh,RandomForest,conscious,9.999900000999992e-06,1.6940658945086007e-21,0.0,83.65787664484708,0.32436830715197296,0.0009599904000959993,***
fusiform,rh,Mutual,conscious,9.999900000999992e-06,1.6940658945086007e-21,2.567656495913666e-42,13.73894463357996,0.07197993763626824,0.0009599904000959993,***
fusiform,rh,None,conscious,9.999900000999992e-06,1.6940658945086007e-21,1.539801724358322e-84,19.911871781154225,0.10189602622614476,0.0009599904000959993,***
fusiform,rh,PCA,conscious,9.999900000999992e-06,1.6940658945086007e-21,4.231114545617348e-81,19.472335753163115,0.09965163433440351,0.0009599904000959993,***
fusiform,rh,RandomForest,conscious,9.999900000999992e-06,1.6940658945086007e-21,9.946403795086347e-47,14.490399973513636,0.07787255419799696,0.0009599904000959993,***
inferiorparietal,lh,Mutual,conscious,9.999900000999992e-06,1.6940658945086007e-21,1.8650553248409594e-198,31.78842465007508,0.1690616798167204,0.0009599904000959993,***
inferiorparietal,lh,None,conscious,9.999900000999992e-06,1.6940658945086007e-21,1.725939997283664e-265,37.56404452727527,0.19221938173383854,0.0009599904000959993,***
inferiorparietal,lh,PCA,conscious,9.999900000999992e-06,1.6940658945086007e-21,1.9177131969049295e-261,37.22907298857156,0.19028086800472865,0.0009599904000959993,***
inferiorparietal,lh,RandomForest,conscious,9.999900000999992e-06,1.6940658945086007e-21,2.26190670272516e-261,37.223124086758276,0.19093150866791223,0.0009599904000959993,***
inferiorparietal,rh,Mutual,conscious,9.999900000999992e-06,1.6940658945086007e-21,2.1491935950087824e-31,11.694148179693292,0.06230911104861472,0.0009599904000959993,***
inferiorparietal,rh,None,conscious,9.999900000999992e-06,1.6940658945086007e-21,6.7420812081413425e-43,13.839950065019545,0.07295784917513704,0.0009599904000959993,***
inferiorparietal,rh,PCA,conscious,9.999900000999992e-06,1.6940658945086007e-21,2.638705833638756e-41,13.561341297384315,0.07114780401710483,0.0009599904000959993,***
inferiorparietal,rh,RandomForest,conscious,9.999900000999992e-06,1.6940658945086007e-21,2.0856145996071303e-30,11.493091687655104,0.06097291480962657,0.0009599904000959993,***
inferiortemporal,lh,Mutual,conscious,9.999900000999992e-06,1.6940658945086007e-21,1.0185445217623202e-22,9.797906773385696,0.047298893591347486,0.0009599904000959993,***
inferiortemporal,lh,None,conscious,9.999900000999992e-06,1.6940658945086007e-21,4.2951486444312324e-110,22.963165944572637,0.10689249391036885,0.0009599904000959993,***
inferiortemporal,lh,PCA,conscious,9.999900000999992e-06,1.6940658945086007e-21,6.06032476403798e-104,22.25915850121109,0.10531571460884934,0.0009599904000959993,***
inferiortemporal,lh,RandomForest,conscious,9.999900000999992e-06,1.6940658945086007e-21,3.8967319800866675e-86,20.113276648134338,0.09857501052654076,0.0009599904000959993,***
inferiortemporal,rh,Mutual,conscious,0.00036309636903630963,5.857748179317205e-05,0.00032564109444582534,3.4119677861323026,0.01739885087174794,0.034857251427485726,*
inferiortemporal,rh,None,conscious,2.5199748002519977e-05,1.0998071687177145e-05,1.0490265410194042e-05,4.259217356894514,0.02146262091372272,0.002419175808241918,**
inferiortemporal,rh,PCA,conscious,7.259927400725993e-05,2.2388165966652337e-05,4.770805070208138e-05,3.9058775099386627,0.019634669133986985,0.006969530304696953,**
inferiortemporal,rh,RandomForest,conscious,0.6385034149658503,0.0015930490273818171,0.6379192573237643,-0.35292709074202094,-0.001912742198848288,1.0,n.s.
lateraloccipital,lh,Mutual,conscious,9.999900000999992e-06,1.6940658945086007e-21,1.1662626550481308e-30,11.5448236070634,0.05503579767473246,0.0009599904000959993,***
lateraloccipital,lh,None,conscious,9.999900000999992e-06,1.6940658945086007e-21,4.1080132792690116e-52,15.362834639446207,0.06950353856485017,0.0009599904000959993,***
lateraloccipital,lh,PCA,conscious,9.999900000999992e-06,1.6940658945086007e-21,2.1775180228422488e-51,15.248041244126554,0.06901586848049107,0.0009599904000959993,***
lateraloccipital,lh,RandomForest,conscious,9.999900000999992e-06,1.6940658945086007e-21,9.232816938157087e-16,7.982897339616816,0.03955437249966816,0.0009599904000959993,***
lateraloccipital,rh,Mutual,conscious,9.999900000999992e-06,1.6940658945086007e-21,0.0,41.32184713571063,0.19290063699358534,0.0009599904000959993,***
lateraloccipital,rh,None,conscious,9.999900000999992e-06,1.6940658945086007e-21,2.1101702813407996e-223,34.00000197532365,0.1662665937190962,0.0009599904000959993,***
lateraloccipital,rh,PCA,conscious,9.999900000999992e-06,1.6940658945086007e-21,4.708598600175133e-219,33.62050676458656,0.1653521037871241,0.0009599904000959993,***
lateraloccipital,rh,RandomForest,conscious,9.999900000999992e-06,1.6940658945086007e-21,1.2072086791625518e-225,34.194788793154686,0.16664736204189576,0.0009599904000959993,***
lingual,lh,Mutual,conscious,9.999900000999992e-06,1.6940658945086007e-21,1.489896472815062e-253,36.571487514790306,0.1825230841216282,0.0009599904000959993,***
lingual,lh,None,conscious,9.999900000999992e-06,1.6940658945086007e-21,1.090688557702312e-245,35.91009762916196,0.17923624144161543,0.0009599904000959993,***
lingual,lh,PCA,conscious,9.999900000999992e-06,1.6940658945086007e-21,6.609071301792042e-241,35.50483373085721,0.17781816440696005,0.0009599904000959993,***
lingual,lh,RandomForest,conscious,9.999900000999992e-06,1.6940658945086007e-21,1.090688557702312e-245,35.91009762916196,0.17923624144161543,0.0009599904000959993,***
lingual,rh,Mutual,conscious,9.999900000999992e-06,1.6940658945086007e-21,1.1217303621584511e-27,10.919081333824908,0.05545750763777971,0.0009599904000959993,***
lingual,rh,None,conscious,9.999900000999992e-06,1.6940658945086007e-21,4.406200015900539e-40,13.34389218641479,0.0715669518918585,0.0009599904000959993,***
lingual,rh,PCA,conscious,9.999900000999992e-06,1.6940658945086007e-21,1.89401957778282e-41,13.586745436294471,0.0724870169390117,0.0009599904000959993,***
lingual,rh,RandomForest,conscious,9.999900000999992e-06,1.6940658945086007e-21,1.0501779262555654e-33,12.152938910108602,0.06276017764317729,0.0009599904000959993,***
parahippocampal,lh,Mutual,conscious,9.999900000999992e-06,1.6940658945086007e-21,2.734208901878311e-19,8.946664144522218,0.04668823601727443,0.0009599904000959993,***
parahippocampal,lh,None,conscious,9.999900000999992e-06,1.6940658945086007e-21,8.502301060837395e-69,17.827240149526435,0.08377373674827698,0.0009599904000959993,***
parahippocampal,lh,PCA,conscious,9.999900000999992e-06,1.6940658945086007e-21,3.0679414521556664e-75,18.703811959774168,0.09021124526478501,0.0009599904000959993,***
parahippocampal,lh,RandomForest,conscious,9.999900000999992e-06,1.6940658945086007e-21,1.928748469522082e-66,17.497499029430276,0.08542930450565347,0.0009599904000959993,***
parahippocampal,rh,Mutual,conscious,9.999900000999992e-06,1.6940658945086007e-21,3.082953840695036e-85,20.00017885927901,0.09966525895460525,0.0009599904000959993,***
parahippocampal,rh,None,conscious,9.999900000999992e-06,1.6940658945086007e-21,2.5859739537399668e-210,32.85038279424773,0.15405494046585383,0.0009599904000959993,***
parahippocampal,rh,PCA,conscious,9.999900000999992e-06,1.6940658945086007e-21,6.151525200688005e-215,33.25907145570954,0.15566287427377976,0.0009599904000959993,***
parahippocampal,rh,RandomForest,conscious,9.999900000999992e-06,1.6940658945086007e-21,7.653104371196522e-137,25.854341655602575,0.12576383396515367,0.0009599904000959993,***
pericalcarine,lh,Mutual,conscious,9.999900000999992e-06,1.6940658945086007e-21,2.366075672814917e-21,9.467363885234287,0.05139676888162995,0.0009599904000959993,***
pericalcarine,lh,None,conscious,9.999900000999992e-06,1.6940658945086007e-21,3.2937848614230386e-25,10.375137345614657,0.054137662616153416,0.0009599904000959993,***
pericalcarine,lh,PCA,conscious,9.999900000999992e-06,1.6940658945086007e-21,2.2311913880696782e-24,10.185945069392675,0.053126527917236786,0.0009599904000959993,***
pericalcarine,lh,RandomForest,conscious,9.999900000999992e-06,1.6940658945086007e-21,1.811488128614291e-26,10.656008471725464,0.055933555813275034,0.0009599904000959993,***
pericalcarine,rh,Mutual,conscious,1.0,0.0,1.0,-24.988574097473677,-0.127077471422243,1.0,n.s.
pericalcarine,rh,None,conscious,1.0,0.0,1.0,-23.53872366874875,-0.1120708404004301,1.0,n.s.
pericalcarine,rh,PCA,conscious,1.0,0.0,1.0,-23.963850893442526,-0.11568931775377318,1.0,n.s.
pericalcarine,rh,RandomForest,conscious,0.9999988000119998,3.2495828660079893e-06,0.9999990447362096,-4.769643509321074,-0.025192910107162823,1.0,n.s.
precuneus,lh,Mutual,conscious,0.004111358886411136,0.0001983967055447455,0.0039793794578541625,2.655133843209294,0.012815553310101688,0.3946904530954691,n.s.
precuneus,lh,None,conscious,9.999900000999992e-06,1.6940658945086007e-21,1.291866847063382e-36,12.709010136660103,0.060392343576114116,0.0009599904000959993,***
precuneus,lh,PCA,conscious,9.999900000999992e-06,1.6940658945086007e-21,2.5297631539771676e-36,12.654246981965633,0.05987726297928788,0.0009599904000959993,***
precuneus,lh,RandomForest,conscious,9.999900000999992e-06,1.6940658945086007e-21,4.156000514924771e-10,6.15355608980951,0.03022324242062987,0.0009599904000959993,***
precuneus,rh,Mutual,conscious,9.999900000999992e-06,1.6940658945086007e-21,1.804694337781464e-138,26.02258527144534,0.14408149562004735,0.0009599904000959993,***
precuneus,rh,None,conscious,9.999900000999992e-06,1.6940658945086007e-21,4.608300164453823e-168,28.961297260004372,0.15444066656791755,0.0009599904000959993,***
precuneus,rh,PCA,conscious,9.999900000999992e-06,1.6940658945086007e-21,1.1735066434348498e-170,29.209306186129904,0.15531899059928642,0.0009599904000959993,***
precuneus,rh,RandomForest,conscious,9.999900000999992e-06,1.6940658945086007e-21,8.309612250491305e-154,27.572308082171162,0.14515667241081254,0.0009599904000959993,***
rostralmiddlefrontal,lh,Mutual,conscious,9.999900000999992e-06,1.6940658945086007e-21,4.115337152827459e-25,10.353280864420935,0.051295736436777976,0.0009599904000959993,***
rostralmiddlefrontal,lh,None,conscious,9.999900000999992e-06,1.6940658945086007e-21,4.84880874445779e-28,10.997251463516763,0.05423854488820501,0.0009599904000959993,***
rostralmiddlefrontal,lh,PCA,conscious,9.999900000999992e-06,1.6940658945086007e-21,2.66222510245276e-30,11.471302844347553,0.05702589216919686,0.0009599904000959993,***
rostralmiddlefrontal,lh,RandomForest,conscious,9.999900000999992e-06,1.6940658945086007e-21,3.6199497903887297e-23,9.904363895536463,0.05015561622448087,0.0009599904000959993,***
rostralmiddlefrontal,rh,Mutual,conscious,9.999900000999992e-06,1.6940658945086007e-21,0.0,68.21254327076451,0.30959636713091737,0.0009599904000959993,***
rostralmiddlefrontal,rh,None,conscious,9.999900000999992e-06,1.6940658945086007e-21,0.0,85.44858023960687,0.3456178335441852,0.0009599904000959993,***
rostralmiddlefrontal,rh,PCA,conscious,9.999900000999992e-06,1.6940658945086007e-21,0.0,84.89043991838521,0.34428671894296725,0.0009599904000959993,***
rostralmiddlefrontal,rh,RandomForest,conscious,9.999900000999992e-06,1.6940658945086007e-21,0.0,81.07748145338124,0.33134154281974726,0.0009599904000959993,***
superiorfrontal,lh,Mutual,conscious,0.9999989000109999,3.1288662807525196e-06,0.9999992668758532,-4.822989593652531,-0.02335821751440522,1.0,n.s.
superiorfrontal,lh,None,conscious,0.13881451185488144,0.0009525019919708202,0.13820666922096006,1.0885587779704586,0.0055133604643590635,1.0,n.s.
superiorfrontal,lh,PCA,conscious,0.10537124628753712,0.0009435029973205496,0.10476705984672463,1.2550471765225222,0.006396141189422679,1.0,n.s.
superiorfrontal,lh,RandomForest,conscious,0.4979871201287988,0.0013650543294489153,0.4985377480093117,0.003665556880231053,1.8844439041392686e-05,1.0,n.s.
superiorfrontal,rh,Mutual,conscious,9.999900000999992e-06,1.6940658945086007e-21,6.499130199533858e-172,29.32895716249509,0.1399645072299765,0.0009599904000959993,***
superiorfrontal,rh,None,conscious,9.999900000999992e-06,1.6940658945086007e-21,1.8040888398831066e-213,33.129690221090534,0.16580131577529886,0.0009599904000959993,***
superiorfrontal,rh,PCA,conscious,9.999900000999992e-06,1.6940658945086007e-21,7.253310228714113e-212,32.987897039745135,0.16477385483461318,0.0009599904000959993,***
superiorfrontal,rh,RandomForest,conscious,9.999900000999992e-06,1.6940658945086007e-21,2.135743724063905e-213,33.12321999860147,0.16564280128254522,0.0009599904000959993,***
superiorparietal,lh,Mutual,conscious,9.999900000999992e-06,1.6940658945086007e-21,0.0,57.81197710445278,0.26673741804132206,0.0009599904000959993,***
superiorparietal,lh,None,conscious,9.999900000999992e-06,1.6940658945086007e-21,0.0,62.775418299339535,0.28513226765850114,0.0009599904000959993,***
superiorparietal,lh,PCA,conscious,9.999900000999992e-06,1.6940658945086007e-21,0.0,62.27848861068185,0.2839981889914951,0.0009599904000959993,***
superiorparietal,lh,RandomForest,conscious,9.999900000999992e-06,1.6940658945086007e-21,0.0,62.19495459034389,0.2874190017407554,0.0009599904000959993,***
superiorparietal,rh,Mutual,conscious,9.999900000999992e-06,1.6940658945086007e-21,0.0,49.940103143800485,0.25233062246469473,0.0009599904000959993,***
superiorparietal,rh,None,conscious,9.999900000999992e-06,1.6940658945086007e-21,0.0,45.3039662362389,0.24281091079890965,0.0009599904000959993,***
superiorparietal,rh,PCA,conscious,9.999900000999992e-06,1.6940658945086007e-21,0.0,45.00172049244689,0.24156324071861168,0.0009599904000959993,***
superiorparietal,rh,RandomForest,conscious,9.999900000999992e-06,1.6940658945086007e-21,0.0,44.78372091148007,0.2381006581123288,0.0009599904000959993,***
ventrolateralPFC,lh,Mutual,conscious,9.999900000999992e-06,1.6940658945086007e-21,5.175230412527239e-201,32.01914944003956,0.16133973406292296,0.0009599904000959993,***
ventrolateralPFC,lh,None,conscious,9.999900000999992e-06,1.6940658945086007e-21,2.082276529495456e-248,36.139469117860514,0.17511382721187374,0.0009599904000959993,***
ventrolateralPFC,lh,PCA,conscious,9.999900000999992e-06,1.6940658945086007e-21,7.984399836814827e-246,35.92154183868013,0.17536559929560575,0.0009599904000959993,***
ventrolateralPFC,lh,RandomForest,conscious,9.999900000999992e-06,1.6940658945086007e-21,2.063016348354977e-249,36.22397517841864,0.17520173974468917,0.0009599904000959993,***
ventrolateralPFC,rh,Mutual,conscious,9.999900000999992e-06,1.6940658945086007e-21,0.0,53.061431698746816,0.21817347122078604,0.0009599904000959993,***
ventrolateralPFC,rh,None,conscious,9.999900000999992e-06,1.6940658945086007e-21,0.0,54.03021081583739,0.2154536781106493,0.0009599904000959993,***
ventrolateralPFC,rh,PCA,conscious,9.999900000999992e-06,1.6940658945086007e-21,0.0,54.55019308301759,0.2150173955900703,0.0009599904000959993,***
ventrolateralPFC,rh,RandomForest,conscious,9.999900000999992e-06,1.6940658945086007e-21,0.0,46.899535318618284,0.19822977173951162,0.0009599904000959993,***
fusiform,lh,Mutual,glimpse,9.999900000999992e-06,1.6940658945086007e-21,0.0,58.48639521936836,0.25457109016237056,0.0009599904000959993,***
fusiform,lh,None,glimpse,9.999900000999992e-06,1.6940658945086007e-21,0.0,63.035840184194804,0.27161652510017187,0.0009599904000959993,***
fusiform,lh,PCA,glimpse,9.999900000999992e-06,1.6940658945086007e-21,0.0,62.49786765548036,0.27009070199601803,0.0009599904000959993,***
fusiform,lh,RandomForest,glimpse,9.999900000999992e-06,1.6940658945086007e-21,0.0,62.85043676989081,0.2711838165557612,0.0009599904000959993,***
fusiform,rh,Mutual,glimpse,9.999900000999992e-06,1.6940658945086007e-21,1.389235101449225e-48,14.775817230800222,0.07008731798158406,0.0009599904000959993,***
fusiform,rh,None,glimpse,9.999900000999992e-06,1.6940658945086007e-21,1.7316672720741927e-29,11.293719515828295,0.0497770792199142,0.0009599904000959993,***
fusiform,rh,PCA,glimpse,9.999900000999992e-06,1.6940658945086007e-21,4.459178725472185e-29,11.207954850612149,0.04935541602825671,0.0009599904000959993,***
fusiform,rh,RandomForest,glimpse,9.999900000999992e-06,1.6940658945086007e-21,1.7846640849507775e-33,12.096717308648714,0.055596157637064415,0.0009599904000959993,***
inferiorparietal,lh,Mutual,glimpse,9.999900000999992e-06,1.6940658945086007e-21,0.0,43.463284187061895,0.17643408152178416,0.0009599904000959993,***
inferiorparietal,lh,None,glimpse,9.999900000999992e-06,1.6940658945086007e-21,0.0,49.407096115085665,0.20638861278267306,0.0009599904000959993,***
inferiorparietal,lh,PCA,glimpse,9.999900000999992e-06,1.6940658945086007e-21,0.0,48.61891176205777,0.20390852212724045,0.0009599904000959993,***
inferiorparietal,lh,RandomForest,glimpse,9.999900000999992e-06,1.6940658945086007e-21,0.0,42.33774256936861,0.18675685364768443,0.0009599904000959993,***
inferiorparietal,rh,Mutual,glimpse,0.998449815501845,0.00010719015908304361,0.9985208192461017,-2.973652450239754,-0.014611132074167161,1.0,n.s.
inferiorparietal,rh,None,glimpse,0.9999682003179967,1.9461562756204096e-05,0.9999734534112815,-4.045462751080378,-0.01929736804681397,1.0,n.s.
inferiorparietal,rh,PCA,glimpse,0.9999916000839991,8.332983332557302e-06,0.9999934259751735,-4.362459622819653,-0.020841373422981202,1.0,n.s.
inferiorparietal,rh,RandomForest,glimpse,1.0,0.0,1.0,-10.880143145505187,-0.05228183542741547,1.0,n.s.
inferiortemporal,lh,Mutual,glimpse,0.5001517984820151,0.001413704986397222,0.5000401228057575,-0.000100578534691145,-5.130732714321209e-07,1.0,n.s.
inferiortemporal,lh,None,glimpse,0.02500144998550015,0.000541154555562138,0.02453215929257958,1.968564090778883,0.009838102881653413,1.0,n.s.
inferiortemporal,lh,PCA,glimpse,0.05385796142038579,0.0006067449111244712,0.053223056709289104,1.6146977683916663,0.008000133476719727,1.0,n.s.
inferiortemporal,lh,RandomForest,glimpse,0.0003962960370396296,5.430700704959518e-05,0.0003545437231054816,3.388382319922684,0.017307094006292968,0.03804441955580444,*
inferiortemporal,rh,Mutual,glimpse,9.999900000999992e-06,1.6940658945086007e-21,4.704509601698687e-22,9.632724964324307,0.04649903101642907,0.0009599904000959993,***
inferiortemporal,rh,None,glimpse,0.15775432245677545,0.001256818442731519,0.15712185971695602,1.0064696075581503,0.005038219732606135,1.0,n.s.
inferiortemporal,rh,PCA,glimpse,0.34843061569384304,0.0014800426950778713,0.3479694636036161,0.390833289743911,0.0019531645960375725,1.0,n.s.
inferiortemporal,rh,RandomForest,glimpse,2.4499755002449977e-05,1.2031089104624919e-05,1.2757167526249244e-05,4.214575473385854,0.021607651894664313,0.002351976480235198,**
lateraloccipital,lh,Mutual,glimpse,9.999900000999992e-06,1.6940658945086007e-21,1.2650922853450015e-10,6.339536518145406,0.03303404024900669,0.0009599904000959993,***
lateraloccipital,lh,None,glimpse,0.0015153848461515382,0.00012466165885252045,0.0014314706578653638,2.9837194038311163,0.0151051028464434,0.14547694523054766,n.s.
lateraloccipital,lh,PCA,glimpse,0.0008754912450875492,8.955774443009489e-05,0.000820916538601618,3.1502762321328195,0.015904323127363274,0.08404715952840472,n.s.
lateraloccipital,lh,RandomForest,glimpse,9.999900000999992e-06,1.6940658945086007e-21,5.371317734368854e-09,5.729267233719824,0.028296557637758877,0.0009599904000959993,***
lateraloccipital,rh,Mutual,glimpse,9.999900000999992e-06,1.6940658945086007e-21,8.746968191573449e-135,25.53883238160925,0.12500088546639015,0.0009599904000959993,***
lateraloccipital,rh,None,glimpse,9.999900000999992e-06,1.6940658945086007e-21,2.840712434708301e-91,20.69555419138463,0.10481855233810339,0.0009599904000959993,***
lateraloccipital,rh,PCA,glimpse,9.999900000999992e-06,1.6940658945086007e-21,1.9808004451255133e-88,20.34754283784244,0.10323177840607553,0.0009599904000959993,***
lateraloccipital,rh,RandomForest,glimpse,9.999900000999992e-06,1.6940658945086007e-21,1.6360143869458185e-109,22.824212047725887,0.11260661214079085,0.0009599904000959993,***
lingual,lh,Mutual,glimpse,9.999900000999992e-06,1.6940658945086007e-21,2.4113846142086517e-198,31.59014336124696,0.1465040294070024,0.0009599904000959993,***
lingual,lh,None,glimpse,9.999900000999992e-06,1.6940658945086007e-21,3.020041530919648e-143,26.400049259470375,0.11857865804642653,0.0009599904000959993,***
lingual,lh,PCA,glimpse,9.999900000999992e-06,1.6940658945086007e-21,3.443657404747455e-143,26.394316535899268,0.11868552664770687,0.0009599904000959993,***
lingual,lh,RandomForest,glimpse,9.999900000999992e-06,1.6940658945086007e-21,3.020041530919648e-143,26.400049259470375,0.11857865804642653,0.0009599904000959993,***
lingual,rh,Mutual,glimpse,9.999900000999992e-06,1.6940658945086007e-21,4.7481367556063214e-33,12.013495756559184,0.06007444767030316,0.0009599904000959993,***
lingual,rh,None,glimpse,9.999900000999992e-06,1.6940658945086007e-21,7.387180619106719e-26,10.513366699035243,0.05589407909942042,0.0009599904000959993,***
lingual,rh,PCA,glimpse,9.999900000999992e-06,1.6940658945086007e-21,8.825369432107261e-26,10.496171748338494,0.05540717534416876,0.0009599904000959993,***
lingual,rh,RandomForest,glimpse,9.999900000999992e-06,1.6940658945086007e-21,1.518641249328929e-33,12.110394505488452,0.062295974677481145,0.0009599904000959993,***
parahippocampal,lh,Mutual,glimpse,9.999900000999992e-06,1.6940658945086007e-21,5.407812023921556e-237,34.92061018815784,0.15683554167288022,0.0009599904000959993,***
parahippocampal,lh,None,glimpse,9.999900000999992e-06,1.6940658945086007e-21,1.2388343331606331e-176,29.619300347893397,0.1438103997957088,0.0009599904000959993,***
parahippocampal,lh,PCA,glimpse,9.999900000999992e-06,1.6940658945086007e-21,4.342809644756405e-166,28.62996599587097,0.13975461231397782,0.0009599904000959993,***
parahippocampal,lh,RandomForest,glimpse,9.999900000999992e-06,1.6940658945086007e-21,1.0039883882372888e-150,27.144428363126757,0.13185308523034905,0.0009599904000959993,***
parahippocampal,rh,Mutual,glimpse,9.999900000999992e-06,1.6940658945086007e-21,2.4420509146825012e-253,36.273964601529336,0.15723966515245325,0.0009599904000959993,***
parahippocampal,rh,None,glimpse,9.999900000999992e-06,1.6940658945086007e-21,2.084609415012096e-207,32.38976410752283,0.15072662033686604,0.0009599904000959993,***
parahippocampal,rh,PCA,glimpse,9.999900000999992e-06,1.6940658945086007e-21,3.2465392939018406e-204,32.10953595887141,0.14907286727060978,0.0009599904000959993,***
parahippocampal,rh,RandomForest,glimpse,9.999900000999992e-06,1.6940658945086007e-21,2.2740148245103364e-193,31.14576571846638,0.14915461336631866,0.0009599904000959993,***
pericalcarine,lh,Mutual,glimpse,9.999900000999992e-06,1.6940658945086007e-21,7.75076064082206e-57,16.067814221171936,0.07720595875896027,0.0009599904000959993,***
pericalcarine,lh,None,glimpse,9.999900000999992e-06,1.6940658945086007e-21,1.4916160941886263e-71,18.169131268134326,0.08730328364913915,0.0009599904000959993,***
pericalcarine,lh,PCA,glimpse,9.999900000999992e-06,1.6940658945086007e-21,1.6181123997294765e-70,18.02827007744369,0.08663524660168531,0.0009599904000959993,***
pericalcarine,lh,RandomForest,glimpse,9.999900000999992e-06,1.6940658945086007e-21,3.595882394172046e-54,15.660801015987321,0.07620906317968121,0.0009599904000959993,***
pericalcarine,rh,Mutual,glimpse,0.5999055009449905,0.0014701542513333105,0.6001303178631723,-0.2536993971206809,-0.0012822271388317518,1.0,n.s.
pericalcarine,rh,None,glimpse,0.46669953300466993,0.0013549316008653574,0.4669717853615476,0.08288888484615001,0.00037519876449397814,1.0,n.s.
pericalcarine,rh,PCA,glimpse,0.6074030259697403,0.0017254740347189747,0.6077465463095986,-0.2734668318809317,-0.0012379799755527967,1.0,n.s.
pericalcarine,rh,RandomForest,glimpse,0.0001637983620163798,3.9389452512893115e-05,0.00015595481566915391,3.608001767683998,0.01662790481100385,0.015724642753572462,*
precuneus,lh,Mutual,glimpse,9.999900000999992e-06,1.6940658945086007e-21,4.462027720325167e-94,21.034081107022125,0.10161637867097911,0.0009599904000959993,***
precuneus,lh,None,glimpse,9.999900000999992e-06,1.6940658945086007e-21,3.5780136483583904e-53,15.5060548258972,0.07407989682369116,0.0009599904000959993,***
precuneus,lh,PCA,glimpse,9.999900000999992e-06,1.6940658945086007e-21,1.9122206605008817e-52,15.392298405231996,0.0733807474181556,0.0009599904000959993,***
precuneus,lh,RandomForest,glimpse,9.999900000999992e-06,1.6940658945086007e-21,4.020185564823211e-40,13.336040868230102,0.06447137013072296,0.0009599904000959993,***
precuneus,rh,Mutual,glimpse,9.999900000999992e-06,1.6940658945086007e-21,3.3175733368545227e-41,13.528143602225146,0.06881964573699313,0.0009599904000959993,***
precuneus,rh,None,glimpse,9.999900000999992e-06,1.6940658945086007e-21,4.358317347704605e-33,12.020802784134506,0.05813952824306168,0.0009599904000959993,***
precuneus,rh,PCA,glimpse,9.999900000999992e-06,1.6940658945086007e-21,3.776118278112386e-33,12.033024221978998,0.05818715039744675,0.0009599904000959993,***
precuneus,rh,RandomForest,glimpse,9.999900000999992e-06,1.6940658945086007e-21,1.657206124483089e-36,12.675852118299648,0.061594570620264,0.0009599904000959993,***
rostralmiddlefrontal,lh,Mutual,glimpse,3.149968500314998e-05,1.3665513713579312e-05,2.0098005096184576e-05,4.110419526008874,0.021329845790490423,0.003023969760302398,**
rostralmiddlefrontal,lh,None,glimpse,0.0003091969080309197,5.615422454050982e-05,0.00027879434449841,3.4539193136411694,0.016935337013145396,0.02968290317096829,*
rostralmiddlefrontal,lh,PCA,glimpse,0.0003767962320376796,6.412236556797878e-05,0.00034542198565728403,3.3955424605015403,0.01683147078141379,0.03617243827561724,*
rostralmiddlefrontal,lh,RandomForest,glimpse,0.4236737632623674,0.0015070861201674573,0.4235453646397573,0.19284284707537155,0.0009642943721116208,1.0,n.s.
rostralmiddlefrontal,rh,Mutual,glimpse,9.999900000999992e-06,1.6940658945086007e-21,0.0,45.238636700761745,0.21025071460948802,0.0009599904000959993,***
rostralmiddlefrontal,rh,None,glimpse,9.999900000999992e-06,1.6940658945086007e-21,0.0,60.90591277022241,0.24897737000407655,0.0009599904000959993,***
rostralmiddlefrontal,rh,PCA,glimpse,9.999900000999992e-06,1.6940658945086007e-21,0.0,60.09892286710912,0.2473597894791379,0.0009599904000959993,***
rostralmiddlefrontal,rh,RandomForest,glimpse,9.999900000999992e-06,1.6940658945086007e-21,0.0,51.978480019538836,0.2271897620378655,0.0009599904000959993,***
superiorfrontal,lh,Mutual,glimpse,0.02035179648203518,0.0004574120849548777,0.020354673943311887,2.0470668783964094,0.009728750618916523,1.0,n.s.
superiorfrontal,lh,None,glimpse,9.999900000999992e-06,1.6940658945086007e-21,1.2852696973852376e-54,15.72965418110358,0.07297103358724749,0.0009599904000959993,***
superiorfrontal,lh,PCA,glimpse,9.999900000999992e-06,1.6940658945086007e-21,8.402132269031026e-58,16.212874319280978,0.07548865591798723,0.0009599904000959993,***
superiorfrontal,lh,RandomForest,glimpse,1.0,0.0,1.0,-8.4197726886115,-0.03925676379513766,1.0,n.s.
superiorfrontal,rh,Mutual,glimpse,9.999900000999992e-06,1.6940658945086007e-21,8.470869462091584e-60,16.509425029657727,0.07854754290900759,0.0009599904000959993,***
superiorfrontal,rh,None,glimpse,9.999900000999992e-06,1.6940658945086007e-21,4.899204199079563e-41,13.498288479507085,0.0669221664192219,0.0009599904000959993,***
superiorfrontal,rh,PCA,glimpse,9.999900000999992e-06,1.6940658945086007e-21,1.6861278054520489e-40,13.403235051111839,0.06650902612235883,0.0009599904000959993,***
superiorfrontal,rh,RandomForest,glimpse,9.999900000999992e-06,1.6940658945086007e-21,4.899204199079563e-41,13.498288479507085,0.0669221664192219,0.0009599904000959993,***
superiorparietal,lh,Mutual,glimpse,9.999900000999992e-06,1.6940658945086007e-21,0.0,47.423351059379655,0.22593621339529077,0.0009599904000959993,***
superiorparietal,lh,None,glimpse,9.999900000999992e-06,1.6940658945086007e-21,0.0,50.17536581202836,0.23013771227740326,0.0009599904000959993,***
superiorparietal,lh,PCA,glimpse,9.999900000999992e-06,1.6940658945086007e-21,0.0,49.365669101840645,0.22746391803461835,0.0009599904000959993,***
superiorparietal,lh,RandomForest,glimpse,9.999900000999992e-06,1.6940658945086007e-21,0.0,48.90402217468864,0.22427241991610025,0.0009599904000959993,***
superiorparietal,rh,Mutual,glimpse,9.999900000999992e-06,1.6940658945086007e-21,1.2212854404953247e-201,31.882348226249594,0.14788938888023867,0.0009599904000959993,***
superiorparietal,rh,None,glimpse,9.999900000999992e-06,1.6940658945086007e-21,8.097075382276773e-273,37.85172057865209,0.1763395851212467,0.0009599904000959993,***
superiorparietal,rh,PCA,glimpse,9.999900000999992e-06,1.6940658945086007e-21,1.5803439473420123e-266,37.34609167110612,0.17472890485309747,0.0009599904000959993,***
superiorparietal,rh,RandomForest,glimpse,9.999900000999992e-06,1.6940658945086007e-21,1.6026453393330403e-307,40.58291456140635,0.18251152438866156,0.0009599904000959993,***
ventrolateralPFC,lh,Mutual,glimpse,9.999900000999992e-06,1.6940658945086007e-21,3.233457233226896e-160,28.068741162499546,0.12494624023135294,0.0009599904000959993,***
ventrolateralPFC,lh,None,glimpse,9.999900000999992e-06,1.6940658945086007e-21,1.0364965020551406e-106,22.507775047666325,0.10360285982990518,0.0009599904000959993,***
ventrolateralPFC,lh,PCA,glimpse,9.999900000999992e-06,1.6940658945086007e-21,1.6405305738016108e-106,22.485118274376344,0.10323136424675179,0.0009599904000959993,***
ventrolateralPFC,lh,RandomForest,glimpse,9.999900000999992e-06,1.6940658945086007e-21,8.841534639581459e-83,19.640981515742823,0.09140328954894875,0.0009599904000959993,***
ventrolateralPFC,rh,Mutual,glimpse,9.999900000999992e-06,1.6940658945086007e-21,1.56239288759904e-154,27.51787756857929,0.12786884299129425,0.0009599904000959993,***
ventrolateralPFC,rh,None,glimpse,9.999900000999992e-06,1.6940658945086007e-21,8.548310086508525e-189,30.733436889419764,0.13647533412050258,0.0009599904000959993,***
ventrolateralPFC,rh,PCA,glimpse,9.999900000999992e-06,1.6940658945086007e-21,6.773691291240599e-198,31.550237508572437,0.13846955124104948,0.0009599904000959993,***
ventrolateralPFC,rh,RandomForest,glimpse,9.999900000999992e-06,1.6940658945086007e-21,4.33309394439873e-125,24.524697626485064,0.11596061582407517,0.0009599904000959993,***
fusiform,lh,Mutual,unconscious,9.999900000999992e-06,1.6940658945086007e-21,7.961093745457873e-51,15.132521106893083,0.04789683094076342,0.0009599904000959993,***
fusiform,lh,None,unconscious,9.999900000999992e-06,1.6940658945086007e-21,1.1174073049544467e-23,10.016468314875924,0.028836494233041004,0.0009599904000959993,***
fusiform,lh,PCA,unconscious,9.999900000999992e-06,1.6940658945086007e-21,2.8431019439508347e-22,9.684337425779672,0.027926410889095317,0.0009599904000959993,***
fusiform,lh,RandomForest,unconscious,9.999900000999992e-06,1.6940658945086007e-21,9.447881223206828e-23,9.798581185286332,0.02881605594093691,0.0009599904000959993,***
fusiform,rh,Mutual,unconscious,0.8100580994190058,0.0013646180110812936,0.8095296909996748,-0.8762485599829222,-0.002710469198321212,1.0,n.s.
fusiform,rh,None,unconscious,0.9998128018719814,4.0818215018541656e-05,0.9998040358822772,-3.5480733133854927,-0.010361015679833007,1.0,n.s.
fusiform,rh,PCA,unconscious,0.999980700192998,1.4646013446130338e-05,0.9999801676145994,-4.113416877028784,-0.011991307052968298,1.0,n.s.
fusiform,rh,RandomForest,unconscious,0.4847248527514724,0.0018320867279768087,0.484452142552348,0.03898468921987056,0.0001239358391652575,1.0,n.s.
inferiorparietal,lh,Mutual,unconscious,1.0,0.0,0.9999999999908517,-6.735870902278803,-0.02376493520004527,1.0,n.s.
inferiorparietal,lh,None,unconscious,0.9976018239817602,0.00016003826964973374,0.9975991175033767,-2.8214110286229235,-0.009346297911374871,1.0,n.s.
inferiorparietal,lh,PCA,unconscious,0.9997975020249799,4.543906585328583e-05,0.9997955665167829,-3.5368831244127295,-0.01174153394805157,1.0,n.s.
inferiorparietal,lh,RandomForest,unconscious,0.681170588294117,0.001391360672908348,0.6807532634310155,-0.4698373452561392,-0.0015673521057769392,1.0,n.s.
inferiorparietal,rh,Mutual,unconscious,0.9999996000039999,1.959572198493863e-06,0.9999993286143651,-4.839714565285168,-0.016262595524204906,1.0,n.s.
inferiorparietal,rh,None,unconscious,1.0,0.0,1.0,-9.731277679172138,-0.033353891010044795,1.0,n.s.
inferiorparietal,rh,PCA,unconscious,1.0,0.0,1.0,-9.824491824173274,-0.03383888810739059,1.0,n.s.
inferiorparietal,rh,RandomForest,unconscious,1.0,0.0,0.9999999999999999,-8.241210212064914,-0.027631497618975057,1.0,n.s.
inferiortemporal,lh,Mutual,unconscious,9.999900000999992e-06,1.6940658945086007e-21,2.022494553704734e-12,6.954127056269122,0.02281504741906297,0.0009599904000959993,***
inferiortemporal,lh,None,unconscious,0.021442885571144286,0.00044292151267584013,0.021376372585520054,2.0266790742187597,0.007183342696522149,1.0,n.s.
inferiortemporal,lh,PCA,unconscious,0.04391576084239158,0.0005907153130514597,0.043727204471097784,1.709345072011565,0.006085763006462485,1.0,n.s.
inferiortemporal,lh,RandomForest,unconscious,0.1354719452805472,0.0012006495236622007,0.13538270562469937,1.1014338997055244,0.0038508856521019728,1.0,n.s.
inferiortemporal,rh,Mutual,unconscious,0.6548769512304876,0.001487940345057281,0.6546396233239562,-0.3979021529539075,-0.0013878745803483337,1.0,n.s.
inferiortemporal,rh,None,unconscious,1.1399886001139992e-05,3.4698356162233328e-06,1.3881375647176258e-06,4.692561556465981,0.016745054121928282,0.0010943890561094392,**
inferiortemporal,rh,PCA,unconscious,1.2799872001279988e-05,5.491757169526697e-06,2.0202941405055913e-06,4.614854839924077,0.016527404903158783,0.0012287877121228787,**
inferiortemporal,rh,RandomForest,unconscious,9.999900000999992e-06,1.6940658945086007e-21,1.268041810761125e-10,6.338873723844287,0.02225207529721882,0.0009599904000959993,***
lateraloccipital,lh,Mutual,unconscious,0.9999967000329996,5.840318296979291e-06,0.9999975876552688,-4.577711863625092,-0.015482562047830724,1.0,n.s.
lateraloccipital,lh,None,unconscious,0.017201027989720105,0.00038710665578591604,0.01731337420035275,2.1133232378990408,0.007695079065151544,1.0,n.s.
lateraloccipital,lh,PCA,unconscious,0.03414025859741403,0.0005633553874619566,0.034351162431947344,1.820798636581911,0.006628160179077128,1.0,n.s.
lateraloccipital,lh,RandomForest,unconscious,0.6003389966100339,0.0014368631487651764,0.600437191463158,-0.2544935891502465,-0.000922275715876932,1.0,n.s.
lateraloccipital,rh,Mutual,unconscious,0.49510054899451006,0.0013137169530697051,0.49494397163820886,0.012674610971395566,4.2998302486303865e-05,1.0,n.s.
lateraloccipital,rh,None,unconscious,0.0015654843451565488,0.00012546886127530913,0.0014728071008305805,2.9749461628610465,0.010342912314964696,0.15028649713502867,n.s.
lateraloccipital,rh,PCA,unconscious,0.003256567434325657,0.00016500271355152866,0.003155710731689733,2.7324020271116107,0.009509397769825545,0.3126304736952631,n.s.
lateraloccipital,rh,RandomForest,unconscious,3.289967100328998e-05,1.576657947287794e-05,1.9461906544892877e-05,4.1177820014237945,0.01377852003826001,0.0031583684163158376,**
lingual,lh,Mutual,unconscious,1.0,0.0,1.0,-15.75189614628477,-0.053360033033798354,1.0,n.s.
lingual,lh,None,unconscious,1.0,0.0,0.9999999999999976,-7.857659696287268,-0.026082986513982876,1.0,n.s.
lingual,lh,PCA,unconscious,0.9999991000089998,2.8617889863453547e-06,0.999999021378764,-4.76390041948936,-0.016096495703029803,1.0,n.s.
lingual,lh,RandomForest,unconscious,0.609540104598954,0.0015300747488901079,0.6098058726761473,-0.2788294179148112,-0.0009122995867842349,1.0,n.s.
lingual,rh,Mutual,unconscious,9.999900000999992e-06,1.6940658945086007e-21,1.2764808268867495e-09,5.969853360473725,0.019490067816940328,0.0009599904000959993,***
lingual,rh,None,unconscious,2.5699743002569977e-05,1.1768909458465234e-05,1.6310741247196454e-05,4.158469758314006,0.01367110374274999,0.002467175328246718,**
lingual,rh,PCA,unconscious,1.6199838001619982e-05,7.453783523598454e-06,6.01248881783224e-06,4.381928515765725,0.01445891562521461,0.0015551844481555182,**
lingual,rh,RandomForest,unconscious,0.9999333006669933,2.4250736854299345e-05,0.999934674751942,-3.8284772497800383,-0.01246528105329564,1.0,n.s.
parahippocampal,lh,Mutual,unconscious,1.0,0.0,1.0,-18.769512331981726,-0.06072385650641402,1.0,n.s.
parahippocampal,lh,None,unconscious,1.0,0.0,1.0,-20.214623718713746,-0.06583664458773467,1.0,n.s.
parahippocampal,lh,PCA,unconscious,1.0,0.0,1.0,-20.491853290294948,-0.06689733468826035,1.0,n.s.
parahippocampal,lh,RandomForest,unconscious,0.9998087019129811,4.2134006388342316e-05,0.9998330147219359,-3.590118987985893,-0.011788793118188817,1.0,n.s.
parahippocampal,rh,Mutual,unconscious,0.19459435405645942,0.0013739234172617121,0.19463935609844385,0.8610075316687881,0.002664730766793685,1.0,n.s.
parahippocampal,rh,None,unconscious,0.9838269617303826,0.0003460944442789179,0.9842301757336228,-2.1508533075517464,-0.007131438504810814,1.0,n.s.
parahippocampal,rh,PCA,unconscious,0.9999942000579994,7.639295308948665e-06,0.9999960957675086,-4.475465968324116,-0.01495423340698987,1.0,n.s.
parahippocampal,rh,RandomForest,unconscious,0.035887341126588736,0.00054609133453596,0.03618309909739098,1.7972199007001695,0.006096228378645582,1.0,n.s.
pericalcarine,lh,Mutual,unconscious,9.999900000999992e-06,1.6940658945086007e-21,1.5878979265432227e-25,10.437890875319402,0.03371133449759531,0.0009599904000959993,***
pericalcarine,lh,None,unconscious,9.999900000999992e-06,1.6940658945086007e-21,5.7727565348974475e-49,14.833999815050097,0.04763988818209311,0.0009599904000959993,***
pericalcarine,lh,PCA,unconscious,9.999900000999992e-06,1.6940658945086007e-21,1.5448553562140735e-53,15.558484059827569,0.05010892585384436,0.0009599904000959993,***
pericalcarine,lh,RandomForest,unconscious,9.999900000999992e-06,1.6940658945086007e-21,9.251577311315813e-27,10.710857261384685,0.035079890423652615,0.0009599904000959993,***
pericalcarine,rh,Mutual,unconscious,9.999900000999992e-06,1.6940658945086007e-21,4.5119846952917467e-100,21.731921502065216,0.07105584631365464,0.0009599904000959993,***
pericalcarine,rh,None,unconscious,9.999900000999992e-06,1.6940658945086007e-21,2.7826459987359874e-125,24.52873259392884,0.06994939845381455,0.0009599904000959993,***
pericalcarine,rh,PCA,unconscious,9.999900000999992e-06,1.6940658945086007e-21,6.722683717684167e-128,24.80483373309184,0.06978651662070783,0.0009599904000959993,***
pericalcarine,rh,RandomForest,unconscious,9.999900000999992e-06,1.6940658945086007e-21,2.851873880479333e-29,11.246917778712673,0.03459876431785388,0.0009599904000959993,***
precuneus,lh,Mutual,unconscious,9.999900000999992e-06,1.6940658945086007e-21,7.649888344163983e-09,5.668322346080367,0.018671953450890746,0.0009599904000959993,***
precuneus,lh,None,unconscious,9.999900000999992e-06,1.6940658945086007e-21,2.484736104366397e-67,17.582530795750866,0.05754918809984812,0.0009599904000959993,***
precuneus,lh,PCA,unconscious,9.999900000999992e-06,1.6940658945086007e-21,1.605267545067983e-68,17.747590013316067,0.05818722632860892,0.0009599904000959993,***
precuneus,lh,RandomForest,unconscious,9.999900000999992e-06,1.6940658945086007e-21,4.0307162379424966e-32,11.827806700350216,0.039196063628288716,0.0009599904000959993,***
precuneus,rh,Mutual,unconscious,1.0,0.0,1.0,-10.674356278194288,-0.03636620080981628,1.0,n.s.
precuneus,rh,None,unconscious,9.999900000999992e-06,1.6940658945086007e-21,3.357240542437786e-69,17.84127643914911,0.06546392972590305,0.0009599904000959993,***
precuneus,rh,PCA,unconscious,9.999900000999992e-06,1.6940658945086007e-21,1.8832379150561274e-63,17.034658243071835,0.062292769729222264,0.0009599904000959993,***
precuneus,rh,RandomForest,unconscious,1.0,0.0,1.0,-19.784823899676983,-0.06770242261141436,1.0,n.s.
rostralmiddlefrontal,lh,Mutual,unconscious,0.9913161868381316,0.00031420982708027436,0.9910435173055534,-2.368261250567378,-0.007959846193144783,1.0,n.s.
rostralmiddlefrontal,lh,None,unconscious,1.0,0.0,1.0,-10.665341575713407,-0.0347938000807369,1.0,n.s.
rostralmiddlefrontal,lh,PCA,unconscious,1.0,0.0,1.0,-11.036765794640049,-0.03611706171854384,1.0,n.s.
rostralmiddlefrontal,lh,RandomForest,unconscious,1.0,0.0,0.9999999981567257,-5.909150409848885,-0.01893560236350019,1.0,n.s.
rostralmiddlefrontal,rh,Mutual,unconscious,9.999900000999992e-06,1.6940658945086007e-21,1.9590099180925914e-21,9.48107039838241,0.02551072594953727,0.0009599904000959993,***
rostralmiddlefrontal,rh,None,unconscious,8.51991480085199e-05,2.8016857443965494e-05,7.93992557732682e-05,3.7800220845373023,0.011781908963009298,0.00817911820881791,**
rostralmiddlefrontal,rh,PCA,unconscious,0.00015189848101518984,3.732776624200826e-05,0.0001531469057905682,3.6126691587397315,0.011283679209912233,0.014582254177458225,*
rostralmiddlefrontal,rh,RandomForest,unconscious,0.12935990640093598,0.0010584442138369381,0.1292296983188718,1.130179614025779,0.003565616129632925,1.0,n.s.
superiorfrontal,lh,Mutual,unconscious,0.9999982000179998,4.3312382531447044e-06,0.9999975741098516,-4.576534736499631,-0.01677396270886756,1.0,n.s.
superiorfrontal,lh,None,unconscious,1.0,0.0,1.0,-10.400800448867344,-0.03272607225128685,1.0,n.s.
superiorfrontal,lh,PCA,unconscious,1.0,0.0,1.0,-10.506276934303463,-0.03338122415218604,1.0,n.s.
superiorfrontal,lh,RandomForest,unconscious,1.0,0.0,0.9999999999198785,-6.409862496905434,-0.022233479382561986,1.0,n.s.
superiorfrontal,rh,Mutual,unconscious,0.9683552164478354,0.00048561947392062563,0.9684995879511211,-1.859635503645931,-0.005991780647030178,1.0,n.s.
superiorfrontal,rh,None,unconscious,2.4499755002449977e-05,1.1521603405768853e-05,1.1377679085018803e-05,4.240342799058202,0.013519666310512934,0.002351976480235198,**
superiorfrontal,rh,PCA,unconscious,1.1599884001159991e-05,4.4090374466352545e-06,2.1416538667558667e-06,4.602668131698812,0.014638802506581521,0.0011135888641113593,**
superiorfrontal,rh,RandomForest,unconscious,9.999900000999992e-06,1.6940658945086007e-21,2.894486911653778e-10,6.209343567864335,0.020426683473658655,0.0009599904000959993,***
superiorparietal,lh,Mutual,unconscious,9.999900000999992e-06,1.6940658945086007e-21,5.769408749035314e-40,13.305310640367074,0.043716116999548076,0.0009599904000959993,***
superiorparietal,lh,None,unconscious,9.999900000999992e-06,1.6940658945086007e-21,6.756963487942302e-102,21.943786602299998,0.0653702368779859,0.0009599904000959993,***
superiorparietal,lh,PCA,unconscious,9.999900000999992e-06,1.6940658945086007e-21,2.8454027468264995e-104,22.217183626768556,0.06566752959059334,0.0009599904000959993,***
superiorparietal,lh,RandomForest,unconscious,9.999900000999992e-06,1.6940658945086007e-21,1.4781717847697542e-58,16.320579649678535,0.051126324535177105,0.0009599904000959993,***
superiorparietal,rh,Mutual,unconscious,0.0158970410295897,0.00036859387238200096,0.015613258876886046,2.1548338350116896,0.0067426883042119076,1.0,n.s.
superiorparietal,rh,None,unconscious,0.6588566114338857,0.0014610349302207584,0.6591820136715432,-0.4102577367846095,-0.0013191396849326898,1.0,n.s.
superiorparietal,rh,PCA,unconscious,0.8450713492865072,0.0011083940585953035,0.8455597164430534,-1.0176861831615986,-0.0032485758875744827,1.0,n.s.
superiorparietal,rh,RandomForest,unconscious,0.0001624983750162498,3.1284667575245565e-05,0.00015014443291946393,3.6178130358368534,0.012177994616086856,0.015599844001559983,*
ventrolateralPFC,lh,Mutual,unconscious,0.9687679123208767,0.00056978921258006,0.9681025539797701,-1.854056978597823,-0.005947704726864428,1.0,n.s.
ventrolateralPFC,lh,None,unconscious,0.9925735742642572,0.00026477792174958795,0.9924087085000857,-2.4289032701760265,-0.007783142401145564,1.0,n.s.
ventrolateralPFC,lh,PCA,unconscious,0.9954299457005429,0.00019498263930822982,0.9953115298529409,-2.599089884792566,-0.008298539660662331,1.0,n.s.
ventrolateralPFC,lh,RandomForest,unconscious,0.9098735012649874,0.0010236895433135885,0.909168702809523,-1.3358552345002979,-0.0044660756227528275,1.0,n.s.
ventrolateralPFC,rh,Mutual,unconscious,0.9963272367276326,0.0002081184608096867,0.9963175174150939,-2.6810655982582863,-0.009742352843579778,1.0,n.s.
ventrolateralPFC,rh,None,unconscious,0.37530254697453025,0.001586235476494158,0.3752574442532848,0.31797951809050956,0.0011587861225981736,1.0,n.s.
ventrolateralPFC,rh,PCA,unconscious,0.545319846801532,0.0015471351063239065,0.5451367720042032,-0.11338981471717337,-0.00041269674415346204,1.0,n.s.
ventrolateralPFC,rh,RandomForest,unconscious,0.9988844111558884,0.00010656647160624311,0.9988571091877658,-3.052052560658045,-0.011011761951404492,1.0,n.s.
